username,password,first_name,last_name,role
admin,$2a$10$t7Yelc6KO8lOcOQUd1eYDOl/T6LxVPWwee4DlMTSdNOrSo.JZ9cNq,Main,Administrator,ADMIN
user,$2a$10$t7Yelc6KO8lOcOQUd1eYDOl/T6LxVPWwee4DlMTSdNOrSo.JZ9cNq,Main,User,CLIENT
lreckless1,$2a$10$t7Yelc6KO8lOcOQUd1eYDOl/T6LxVPWwee4DlMTSdNOrSo.JZ9cNq,Lennie,Reckless,CLIENT
rfarnie2,$2a$10$t7Yelc6KO8lOcOQUd1eYDOl/T6LxVPWwee4DlMTSdNOrSo.JZ9cNq,Rossie,Farnie,CLIENT
mwillmot3,$2a$10$t7Yelc6KO8lOcOQUd1eYDOl/T6LxVPWwee4DlMTSdNOrSo.JZ9cNq,Madeline,Willmot,CLIENT
dtezure4,$2a$10$t7Yelc6KO8lOcOQUd1eYDOl/T6LxVPWwee4DlMTSdNOrSo.JZ9cNq,Darby,Tezure,CLIENT
jdufoure5,$2a$10$t7Yelc6KO8lOcOQUd1eYDOl/T6LxVPWwee4DlMTSdNOrSo.JZ9cNq,Jessalin,Dufoure,CLIENT
clargent6,$2a$10$t7Yelc6KO8lOcOQUd1eYDOl/T6LxVPWwee4DlMTSdNOrSo.JZ9cNq,Cristie,Largent,CLIENT
dbougen7,$2a$10$t7Yelc6KO8lOcOQUd1eYDOl/T6LxVPWwee4DlMTSdNOrSo.JZ9cNq,Dale,Bougen,CLIENT
rcorson8,$2a$10$t7Yelc6KO8lOcOQUd1eYDOl/T6LxVPWwee4DlMTSdNOrSo.JZ9cNq,Ronnica,Corson,CLIENT
gcathcart9,$2a$10$t7Yelc6KO8lOcOQUd1eYDOl/T6LxVPWwee4DlMTSdNOrSo.JZ9cNq,Giulietta,Cathcart,CLIENT
pcrownea,$2a$10$t7Yelc6KO8lOcOQUd1eYDOl/T6LxVPWwee4DlMTSdNOrSo.JZ9cNq,Phineas,Crowne,CLIENT
gparrisb,$2a$10$t7Yelc6KO8lOcOQUd1eYDOl/T6LxVPWwee4DlMTSdNOrSo.JZ9cNq,Gustavus,Parris,CLIENT
dberzonc,$2a$10$t7Yelc6KO8lOcOQUd1eYDOl/T6LxVPWwee4DlMTSdNOrSo.JZ9cNq,Derward,Berzon,CLIENT
adarrigod,$2a$10$t7Yelc6KO8lOcOQUd1eYDOl/T6LxVPWwee4DlMTSdNOrSo.JZ9cNq,Arlene,D'Arrigo,CLIENT
kbelche,$2a$10$t7Yelc6KO8lOcOQUd1eYDOl/T6LxVPWwee4DlMTSdNOrSo.JZ9cNq,Klarrisa,Belch,CLIENT
mtregoningf,$2a$10$t7Yelc6KO8lOcOQUd1eYDOl/T6LxVPWwee4DlMTSdNOrSo.JZ9cNq,Myca,Tregoning,CLIENT
cdymottg,$2a$10$t7Yelc6KO8lOcOQUd1eYDOl/T6LxVPWwee4DlMTSdNOrSo.JZ9cNq,Christie,Dymott,CLIENT
iberth,$2a$10$t7Yelc6KO8lOcOQUd1eYDOl/T6LxVPWwee4DlMTSdNOrSo.JZ9cNq,Ilka,Bert,CLIENT
kmacklami,$2a$10$t7Yelc6KO8lOcOQUd1eYDOl/T6LxVPWwee4DlMTSdNOrSo.JZ9cNq,Kaleb,Macklam,CLIENT
rtimlinj,$2a$10$t7Yelc6KO8lOcOQUd1eYDOl/T6LxVPWwee4DlMTSdNOrSo.JZ9cNq,Reggie,Timlin,CLIENT
lbrideokek,$2a$10$t7Yelc6KO8lOcOQUd1eYDOl/T6LxVPWwee4DlMTSdNOrSo.JZ9cNq,L;urette,Brideoke,CLIENT
cstuchburiel,$2a$10$t7Yelc6KO8lOcOQUd1eYDOl/T6LxVPWwee4DlMTSdNOrSo.JZ9cNq,Clair,Stuchburie,CLIENT
mkingsburym,$2a$10$t7Yelc6KO8lOcOQUd1eYDOl/T6LxVPWwee4DlMTSdNOrSo.JZ9cNq,Marge,Kingsbury,CLIENT
srottenburyn,$2a$10$t7Yelc6KO8lOcOQUd1eYDOl/T6LxVPWwee4DlMTSdNOrSo.JZ9cNq,Sansone,Rottenbury,CLIENT
gcolvineo,$2a$10$t7Yelc6KO8lOcOQUd1eYDOl/T6LxVPWwee4DlMTSdNOrSo.JZ9cNq,Giraud,Colvine,CLIENT
rremerp,$2a$10$t7Yelc6KO8lOcOQUd1eYDOl/T6LxVPWwee4DlMTSdNOrSo.JZ9cNq,Redford,Remer,CLIENT
taldersq,$2a$10$t7Yelc6KO8lOcOQUd1eYDOl/T6LxVPWwee4DlMTSdNOrSo.JZ9cNq,Ted,Alders,CLIENT
rdyter,$2a$10$t7Yelc6KO8lOcOQUd1eYDOl/T6LxVPWwee4DlMTSdNOrSo.JZ9cNq,Ritchie,Dyte,CLIENT
rblasdales,$2a$10$t7Yelc6KO8lOcOQUd1eYDOl/T6LxVPWwee4DlMTSdNOrSo.JZ9cNq,Roi,Blasdale,CLIENT
smiddent,$2a$10$t7Yelc6KO8lOcOQUd1eYDOl/T6LxVPWwee4DlMTSdNOrSo.JZ9cNq,Shara,Midden,CLIENT
zfitzgilbertu,$2a$10$t7Yelc6KO8lOcOQUd1eYDOl/T6LxVPWwee4DlMTSdNOrSo.JZ9cNq,Zulema,FitzGilbert,CLIENT
dfraylingv,$2a$10$t7Yelc6KO8lOcOQUd1eYDOl/T6LxVPWwee4DlMTSdNOrSo.JZ9cNq,Dayle,Frayling,CLIENT
wchiltonw,$2a$10$t7Yelc6KO8lOcOQUd1eYDOl/T6LxVPWwee4DlMTSdNOrSo.JZ9cNq,Wynn,Chilton,CLIENT
bcluckiex,$2a$10$t7Yelc6KO8lOcOQUd1eYDOl/T6LxVPWwee4DlMTSdNOrSo.JZ9cNq,Brnaby,Cluckie,CLIENT
dswiresy,$2a$10$t7Yelc6KO8lOcOQUd1eYDOl/T6LxVPWwee4DlMTSdNOrSo.JZ9cNq,Dirk,Swires,CLIENT
dilymanovz,$2a$10$t7Yelc6KO8lOcOQUd1eYDOl/T6LxVPWwee4DlMTSdNOrSo.JZ9cNq,Danette,Ilymanov,CLIENT
kbillam10,$2a$10$t7Yelc6KO8lOcOQUd1eYDOl/T6LxVPWwee4DlMTSdNOrSo.JZ9cNq,Katya,Billam,CLIENT
tburrell11,$2a$10$t7Yelc6KO8lOcOQUd1eYDOl/T6LxVPWwee4DlMTSdNOrSo.JZ9cNq,Terence,Burrell,CLIENT
wrisson12,$2a$10$t7Yelc6KO8lOcOQUd1eYDOl/T6LxVPWwee4DlMTSdNOrSo.JZ9cNq,Westley,Risson,CLIENT
ldonativo13,$2a$10$t7Yelc6KO8lOcOQUd1eYDOl/T6LxVPWwee4DlMTSdNOrSo.JZ9cNq,Lela,Donativo,CLIENT
gfahey14,$2a$10$t7Yelc6KO8lOcOQUd1eYDOl/T6LxVPWwee4DlMTSdNOrSo.JZ9cNq,Gasparo,Fahey,CLIENT
vepps15,$2a$10$t7Yelc6KO8lOcOQUd1eYDOl/T6LxVPWwee4DlMTSdNOrSo.JZ9cNq,Verina,Epps,CLIENT
nstaggs16,$2a$10$t7Yelc6KO8lOcOQUd1eYDOl/T6LxVPWwee4DlMTSdNOrSo.JZ9cNq,Nicolais,Staggs,CLIENT
acleall17,$2a$10$t7Yelc6KO8lOcOQUd1eYDOl/T6LxVPWwee4DlMTSdNOrSo.JZ9cNq,Abbey,Cleall,CLIENT
fbaiyle18,$2a$10$t7Yelc6KO8lOcOQUd1eYDOl/T6LxVPWwee4DlMTSdNOrSo.JZ9cNq,Filia,Baiyle,CLIENT
aknoble19,$2a$10$t7Yelc6KO8lOcOQUd1eYDOl/T6LxVPWwee4DlMTSdNOrSo.JZ9cNq,Ainsley,Knoble,CLIENT
ceskriet1a,$2a$10$t7Yelc6KO8lOcOQUd1eYDOl/T6LxVPWwee4DlMTSdNOrSo.JZ9cNq,Charita,Eskriet,CLIENT
lschult1b,$2a$10$t7Yelc6KO8lOcOQUd1eYDOl/T6LxVPWwee4DlMTSdNOrSo.JZ9cNq,Lenci,Schult,CLIENT
pcardis1c,$2a$10$t7Yelc6KO8lOcOQUd1eYDOl/T6LxVPWwee4DlMTSdNOrSo.JZ9cNq,Philip,Cardis,CLIENT
ibonnet1d,$2a$10$t7Yelc6KO8lOcOQUd1eYDOl/T6LxVPWwee4DlMTSdNOrSo.JZ9cNq,Iorgos,Bonnet,CLIENT
yind1e,$2a$10$t7Yelc6KO8lOcOQUd1eYDOl/T6LxVPWwee4DlMTSdNOrSo.JZ9cNq,Yankee,Ind,CLIENT
rpennone1f,$2a$10$t7Yelc6KO8lOcOQUd1eYDOl/T6LxVPWwee4DlMTSdNOrSo.JZ9cNq,Reidar,Pennone,CLIENT
nlipgens1g,$2a$10$t7Yelc6KO8lOcOQUd1eYDOl/T6LxVPWwee4DlMTSdNOrSo.JZ9cNq,Noby,Lipgens,CLIENT
jreightley1h,$2a$10$t7Yelc6KO8lOcOQUd1eYDOl/T6LxVPWwee4DlMTSdNOrSo.JZ9cNq,Jilly,Reightley,CLIENT
mdowse1i,$2a$10$t7Yelc6KO8lOcOQUd1eYDOl/T6LxVPWwee4DlMTSdNOrSo.JZ9cNq,Mariele,Dowse,CLIENT
mpleaden1j,$2a$10$t7Yelc6KO8lOcOQUd1eYDOl/T6LxVPWwee4DlMTSdNOrSo.JZ9cNq,Maiga,Pleaden,CLIENT
tblenkinsop1k,$2a$10$t7Yelc6KO8lOcOQUd1eYDOl/T6LxVPWwee4DlMTSdNOrSo.JZ9cNq,Theadora,Blenkinsop,CLIENT
cwillstrop1l,$2a$10$t7Yelc6KO8lOcOQUd1eYDOl/T6LxVPWwee4DlMTSdNOrSo.JZ9cNq,Chris,Willstrop,CLIENT
scurror1m,$2a$10$t7Yelc6KO8lOcOQUd1eYDOl/T6LxVPWwee4DlMTSdNOrSo.JZ9cNq,Stanislas,Curror,CLIENT
jgleave1n,$2a$10$t7Yelc6KO8lOcOQUd1eYDOl/T6LxVPWwee4DlMTSdNOrSo.JZ9cNq,Jennica,Gleave,CLIENT
sbugs1o,$2a$10$t7Yelc6KO8lOcOQUd1eYDOl/T6LxVPWwee4DlMTSdNOrSo.JZ9cNq,Sully,Bugs,CLIENT
hkornas1p,$2a$10$t7Yelc6KO8lOcOQUd1eYDOl/T6LxVPWwee4DlMTSdNOrSo.JZ9cNq,Humfrey,Kornas,CLIENT
cshirley1q,$2a$10$t7Yelc6KO8lOcOQUd1eYDOl/T6LxVPWwee4DlMTSdNOrSo.JZ9cNq,Carri,Shirley,CLIENT
ygillingwater1r,$2a$10$t7Yelc6KO8lOcOQUd1eYDOl/T6LxVPWwee4DlMTSdNOrSo.JZ9cNq,Yettie,Gillingwater,CLIENT
nmacdermot1s,$2a$10$t7Yelc6KO8lOcOQUd1eYDOl/T6LxVPWwee4DlMTSdNOrSo.JZ9cNq,Niki,MacDermot,CLIENT
mtukely1t,$2a$10$t7Yelc6KO8lOcOQUd1eYDOl/T6LxVPWwee4DlMTSdNOrSo.JZ9cNq,Morganne,Tukely,CLIENT
clawlance1u,$2a$10$t7Yelc6KO8lOcOQUd1eYDOl/T6LxVPWwee4DlMTSdNOrSo.JZ9cNq,Creighton,Lawlance,CLIENT
kdegoix1v,$2a$10$t7Yelc6KO8lOcOQUd1eYDOl/T6LxVPWwee4DlMTSdNOrSo.JZ9cNq,Kasper,Degoix,CLIENT
fimpy1w,$2a$10$t7Yelc6KO8lOcOQUd1eYDOl/T6LxVPWwee4DlMTSdNOrSo.JZ9cNq,Farrand,Impy,CLIENT
hspreull1x,$2a$10$t7Yelc6KO8lOcOQUd1eYDOl/T6LxVPWwee4DlMTSdNOrSo.JZ9cNq,Harris,Spreull,CLIENT
rdemaria1y,$2a$10$t7Yelc6KO8lOcOQUd1eYDOl/T6LxVPWwee4DlMTSdNOrSo.JZ9cNq,Revkah,De Maria,CLIENT
fstaddon1z,$2a$10$t7Yelc6KO8lOcOQUd1eYDOl/T6LxVPWwee4DlMTSdNOrSo.JZ9cNq,Fairleigh,Staddon,CLIENT
cmacconachy20,$2a$10$t7Yelc6KO8lOcOQUd1eYDOl/T6LxVPWwee4DlMTSdNOrSo.JZ9cNq,Coriss,Macconachy,CLIENT
dakroyd21,$2a$10$t7Yelc6KO8lOcOQUd1eYDOl/T6LxVPWwee4DlMTSdNOrSo.JZ9cNq,Darell,Akroyd,CLIENT
bmariault22,$2a$10$t7Yelc6KO8lOcOQUd1eYDOl/T6LxVPWwee4DlMTSdNOrSo.JZ9cNq,Barbe,Mariault,CLIENT
chillam23,$2a$10$t7Yelc6KO8lOcOQUd1eYDOl/T6LxVPWwee4DlMTSdNOrSo.JZ9cNq,Cherise,Hillam,CLIENT
cgeorgievski24,$2a$10$t7Yelc6KO8lOcOQUd1eYDOl/T6LxVPWwee4DlMTSdNOrSo.JZ9cNq,Charmaine,Georgievski,CLIENT
rbichard25,$2a$10$t7Yelc6KO8lOcOQUd1eYDOl/T6LxVPWwee4DlMTSdNOrSo.JZ9cNq,Ruth,Bichard,CLIENT
pgummoe26,$2a$10$t7Yelc6KO8lOcOQUd1eYDOl/T6LxVPWwee4DlMTSdNOrSo.JZ9cNq,Pavel,Gummoe,CLIENT
emalyon27,$2a$10$t7Yelc6KO8lOcOQUd1eYDOl/T6LxVPWwee4DlMTSdNOrSo.JZ9cNq,Erda,Malyon,CLIENT
kmulqueen28,$2a$10$t7Yelc6KO8lOcOQUd1eYDOl/T6LxVPWwee4DlMTSdNOrSo.JZ9cNq,Kellby,Mulqueen,CLIENT
snoblet29,$2a$10$t7Yelc6KO8lOcOQUd1eYDOl/T6LxVPWwee4DlMTSdNOrSo.JZ9cNq,Simona,Noblet,CLIENT
aliepina2a,$2a$10$t7Yelc6KO8lOcOQUd1eYDOl/T6LxVPWwee4DlMTSdNOrSo.JZ9cNq,Albina,Liepina,CLIENT
jpitkaithly2b,$2a$10$t7Yelc6KO8lOcOQUd1eYDOl/T6LxVPWwee4DlMTSdNOrSo.JZ9cNq,Jobina,Pitkaithly,CLIENT
ngrinter2c,$2a$10$t7Yelc6KO8lOcOQUd1eYDOl/T6LxVPWwee4DlMTSdNOrSo.JZ9cNq,Nanete,Grinter,CLIENT
mfellows2d,$2a$10$t7Yelc6KO8lOcOQUd1eYDOl/T6LxVPWwee4DlMTSdNOrSo.JZ9cNq,Maurita,Fellows,CLIENT
ftown2e,$2a$10$t7Yelc6KO8lOcOQUd1eYDOl/T6LxVPWwee4DlMTSdNOrSo.JZ9cNq,Felice,Town,CLIENT
oquilty2f,$2a$10$t7Yelc6KO8lOcOQUd1eYDOl/T6LxVPWwee4DlMTSdNOrSo.JZ9cNq,Olenolin,Quilty,CLIENT
oharkus2g,$2a$10$t7Yelc6KO8lOcOQUd1eYDOl/T6LxVPWwee4DlMTSdNOrSo.JZ9cNq,Ollie,Harkus,CLIENT
iradley2h,$2a$10$t7Yelc6KO8lOcOQUd1eYDOl/T6LxVPWwee4DlMTSdNOrSo.JZ9cNq,Inness,Radley,CLIENT
cwhyman2i,$2a$10$t7Yelc6KO8lOcOQUd1eYDOl/T6LxVPWwee4DlMTSdNOrSo.JZ9cNq,Camila,Whyman,CLIENT
slepiscopio2j,$2a$10$t7Yelc6KO8lOcOQUd1eYDOl/T6LxVPWwee4DlMTSdNOrSo.JZ9cNq,Samaria,L'Episcopio,CLIENT
slippiatt2k,$2a$10$t7Yelc6KO8lOcOQUd1eYDOl/T6LxVPWwee4DlMTSdNOrSo.JZ9cNq,Stephie,Lippiatt,CLIENT
mmerrgen2l,$2a$10$t7Yelc6KO8lOcOQUd1eYDOl/T6LxVPWwee4DlMTSdNOrSo.JZ9cNq,Mei,Merrgen,CLIENT
hcockshtt2m,$2a$10$t7Yelc6KO8lOcOQUd1eYDOl/T6LxVPWwee4DlMTSdNOrSo.JZ9cNq,Hamlin,Cockshtt,CLIENT
ikingsworth2n,$2a$10$t7Yelc6KO8lOcOQUd1eYDOl/T6LxVPWwee4DlMTSdNOrSo.JZ9cNq,Inesita,Kingsworth,CLIENT
tgentery2o,$2a$10$t7Yelc6KO8lOcOQUd1eYDOl/T6LxVPWwee4DlMTSdNOrSo.JZ9cNq,Terese,Gentery,CLIENT
knetherclift2p,$2a$10$t7Yelc6KO8lOcOQUd1eYDOl/T6LxVPWwee4DlMTSdNOrSo.JZ9cNq,Karee,Netherclift,CLIENT
mricci2q,$2a$10$t7Yelc6KO8lOcOQUd1eYDOl/T6LxVPWwee4DlMTSdNOrSo.JZ9cNq,Meier,Ricci,CLIENT
tsansom2r,$2a$10$t7Yelc6KO8lOcOQUd1eYDOl/T6LxVPWwee4DlMTSdNOrSo.JZ9cNq,Thacher,Sansom,CLIENT
jbrinsford2s,$2a$10$t7Yelc6KO8lOcOQUd1eYDOl/T6LxVPWwee4DlMTSdNOrSo.JZ9cNq,Janot,Brinsford,CLIENT
dslocumb2t,$2a$10$t7Yelc6KO8lOcOQUd1eYDOl/T6LxVPWwee4DlMTSdNOrSo.JZ9cNq,Duane,Slocumb,CLIENT
nprocter2u,$2a$10$t7Yelc6KO8lOcOQUd1eYDOl/T6LxVPWwee4DlMTSdNOrSo.JZ9cNq,Neysa,Procter,CLIENT
nandree2v,$2a$10$t7Yelc6KO8lOcOQUd1eYDOl/T6LxVPWwee4DlMTSdNOrSo.JZ9cNq,Nonnah,Andree,CLIENT
eszymanowicz2w,$2a$10$t7Yelc6KO8lOcOQUd1eYDOl/T6LxVPWwee4DlMTSdNOrSo.JZ9cNq,Erny,Szymanowicz,CLIENT
rloughren2x,$2a$10$t7Yelc6KO8lOcOQUd1eYDOl/T6LxVPWwee4DlMTSdNOrSo.JZ9cNq,Rainer,Loughren,CLIENT
gmacgiollapheadair2y,$2a$10$t7Yelc6KO8lOcOQUd1eYDOl/T6LxVPWwee4DlMTSdNOrSo.JZ9cNq,Gallard,Mac Giolla Pheadair,CLIENT
druseworth2z,$2a$10$t7Yelc6KO8lOcOQUd1eYDOl/T6LxVPWwee4DlMTSdNOrSo.JZ9cNq,Dominique,Ruseworth,CLIENT
amccreadie30,$2a$10$t7Yelc6KO8lOcOQUd1eYDOl/T6LxVPWwee4DlMTSdNOrSo.JZ9cNq,Ashton,McCreadie,CLIENT
hjanning31,$2a$10$t7Yelc6KO8lOcOQUd1eYDOl/T6LxVPWwee4DlMTSdNOrSo.JZ9cNq,Halette,Janning,CLIENT
gwhorlow32,$2a$10$t7Yelc6KO8lOcOQUd1eYDOl/T6LxVPWwee4DlMTSdNOrSo.JZ9cNq,Grady,Whorlow,CLIENT
rhalksworth33,$2a$10$t7Yelc6KO8lOcOQUd1eYDOl/T6LxVPWwee4DlMTSdNOrSo.JZ9cNq,Rozele,Halksworth,CLIENT
lgrob34,$2a$10$t7Yelc6KO8lOcOQUd1eYDOl/T6LxVPWwee4DlMTSdNOrSo.JZ9cNq,Louella,Grob,CLIENT
jclemow35,$2a$10$t7Yelc6KO8lOcOQUd1eYDOl/T6LxVPWwee4DlMTSdNOrSo.JZ9cNq,Janeen,Clemow,CLIENT
sstefi36,$2a$10$t7Yelc6KO8lOcOQUd1eYDOl/T6LxVPWwee4DlMTSdNOrSo.JZ9cNq,Shannon,Stefi,CLIENT
drosiello37,$2a$10$t7Yelc6KO8lOcOQUd1eYDOl/T6LxVPWwee4DlMTSdNOrSo.JZ9cNq,Delcina,Rosiello,CLIENT
dmcmanaman38,$2a$10$t7Yelc6KO8lOcOQUd1eYDOl/T6LxVPWwee4DlMTSdNOrSo.JZ9cNq,Diana,Mcmanaman,CLIENT
rwaleran39,$2a$10$t7Yelc6KO8lOcOQUd1eYDOl/T6LxVPWwee4DlMTSdNOrSo.JZ9cNq,Rockey,Waleran,CLIENT
pditzel3a,$2a$10$t7Yelc6KO8lOcOQUd1eYDOl/T6LxVPWwee4DlMTSdNOrSo.JZ9cNq,Paulie,Ditzel,CLIENT
ablyde3b,$2a$10$t7Yelc6KO8lOcOQUd1eYDOl/T6LxVPWwee4DlMTSdNOrSo.JZ9cNq,Allistir,Blyde,CLIENT
scornner3c,$2a$10$t7Yelc6KO8lOcOQUd1eYDOl/T6LxVPWwee4DlMTSdNOrSo.JZ9cNq,Saidee,Cornner,CLIENT
kmusselwhite3d,$2a$10$t7Yelc6KO8lOcOQUd1eYDOl/T6LxVPWwee4DlMTSdNOrSo.JZ9cNq,Kienan,Musselwhite,CLIENT
rmowbray3e,$2a$10$t7Yelc6KO8lOcOQUd1eYDOl/T6LxVPWwee4DlMTSdNOrSo.JZ9cNq,Rick,Mowbray,CLIENT
khiddsley3f,$2a$10$t7Yelc6KO8lOcOQUd1eYDOl/T6LxVPWwee4DlMTSdNOrSo.JZ9cNq,Keith,Hiddsley,CLIENT
tbendig3g,$2a$10$t7Yelc6KO8lOcOQUd1eYDOl/T6LxVPWwee4DlMTSdNOrSo.JZ9cNq,Thoma,Bendig,CLIENT
mebbins3h,$2a$10$t7Yelc6KO8lOcOQUd1eYDOl/T6LxVPWwee4DlMTSdNOrSo.JZ9cNq,Melva,Ebbins,CLIENT
tbreawood3i,$2a$10$t7Yelc6KO8lOcOQUd1eYDOl/T6LxVPWwee4DlMTSdNOrSo.JZ9cNq,Tabby,Breawood,CLIENT
bsebrens3j,$2a$10$t7Yelc6KO8lOcOQUd1eYDOl/T6LxVPWwee4DlMTSdNOrSo.JZ9cNq,Bethena,Sebrens,CLIENT
mcaroline3k,$2a$10$t7Yelc6KO8lOcOQUd1eYDOl/T6LxVPWwee4DlMTSdNOrSo.JZ9cNq,Magdaia,Caroline,CLIENT
areinger3l,$2a$10$t7Yelc6KO8lOcOQUd1eYDOl/T6LxVPWwee4DlMTSdNOrSo.JZ9cNq,Allx,Reinger,CLIENT
ntitchener3m,$2a$10$t7Yelc6KO8lOcOQUd1eYDOl/T6LxVPWwee4DlMTSdNOrSo.JZ9cNq,Nikki,Titchener,CLIENT
ncianelli3n,$2a$10$t7Yelc6KO8lOcOQUd1eYDOl/T6LxVPWwee4DlMTSdNOrSo.JZ9cNq,Nicolina,Cianelli,CLIENT
tleadstone3o,$2a$10$t7Yelc6KO8lOcOQUd1eYDOl/T6LxVPWwee4DlMTSdNOrSo.JZ9cNq,Toby,Leadstone,CLIENT
vadkin3p,$2a$10$t7Yelc6KO8lOcOQUd1eYDOl/T6LxVPWwee4DlMTSdNOrSo.JZ9cNq,Vivian,Adkin,CLIENT
mhakonsen3q,$2a$10$t7Yelc6KO8lOcOQUd1eYDOl/T6LxVPWwee4DlMTSdNOrSo.JZ9cNq,Madalyn,Hakonsen,CLIENT
gharrington3r,$2a$10$t7Yelc6KO8lOcOQUd1eYDOl/T6LxVPWwee4DlMTSdNOrSo.JZ9cNq,Graeme,Harrington,CLIENT
jronisch3s,$2a$10$t7Yelc6KO8lOcOQUd1eYDOl/T6LxVPWwee4DlMTSdNOrSo.JZ9cNq,Julieta,Ronisch,CLIENT
ldunge3t,$2a$10$t7Yelc6KO8lOcOQUd1eYDOl/T6LxVPWwee4DlMTSdNOrSo.JZ9cNq,Lucky,Dunge,CLIENT
ceilhart3u,$2a$10$t7Yelc6KO8lOcOQUd1eYDOl/T6LxVPWwee4DlMTSdNOrSo.JZ9cNq,Celeste,Eilhart,CLIENT
ekettell3v,$2a$10$t7Yelc6KO8lOcOQUd1eYDOl/T6LxVPWwee4DlMTSdNOrSo.JZ9cNq,Evania,Kettell,CLIENT
craith3w,$2a$10$t7Yelc6KO8lOcOQUd1eYDOl/T6LxVPWwee4DlMTSdNOrSo.JZ9cNq,Christie,Raith,CLIENT
lzuanazzi3x,$2a$10$t7Yelc6KO8lOcOQUd1eYDOl/T6LxVPWwee4DlMTSdNOrSo.JZ9cNq,Lyndsey,Zuanazzi,CLIENT
kgargett3y,$2a$10$t7Yelc6KO8lOcOQUd1eYDOl/T6LxVPWwee4DlMTSdNOrSo.JZ9cNq,Kara-lynn,Gargett,CLIENT
hdubose3z,$2a$10$t7Yelc6KO8lOcOQUd1eYDOl/T6LxVPWwee4DlMTSdNOrSo.JZ9cNq,Hermon,Dubose,CLIENT
dferie40,$2a$10$t7Yelc6KO8lOcOQUd1eYDOl/T6LxVPWwee4DlMTSdNOrSo.JZ9cNq,Dreddy,Ferie,CLIENT
vdolle41,$2a$10$t7Yelc6KO8lOcOQUd1eYDOl/T6LxVPWwee4DlMTSdNOrSo.JZ9cNq,Verne,Dolle,CLIENT
dstandall42,$2a$10$t7Yelc6KO8lOcOQUd1eYDOl/T6LxVPWwee4DlMTSdNOrSo.JZ9cNq,Dee,Standall,CLIENT
sgutridge43,$2a$10$t7Yelc6KO8lOcOQUd1eYDOl/T6LxVPWwee4DlMTSdNOrSo.JZ9cNq,Say,Gutridge,CLIENT
abidewel44,$2a$10$t7Yelc6KO8lOcOQUd1eYDOl/T6LxVPWwee4DlMTSdNOrSo.JZ9cNq,Anny,Bidewel,CLIENT
rolenikov45,$2a$10$t7Yelc6KO8lOcOQUd1eYDOl/T6LxVPWwee4DlMTSdNOrSo.JZ9cNq,Rubin,Olenikov,CLIENT
cgrzeszczyk46,$2a$10$t7Yelc6KO8lOcOQUd1eYDOl/T6LxVPWwee4DlMTSdNOrSo.JZ9cNq,Charlotta,Grzeszczyk,CLIENT
cbloys47,$2a$10$t7Yelc6KO8lOcOQUd1eYDOl/T6LxVPWwee4DlMTSdNOrSo.JZ9cNq,Cristine,Bloys,CLIENT
fmargetson48,$2a$10$t7Yelc6KO8lOcOQUd1eYDOl/T6LxVPWwee4DlMTSdNOrSo.JZ9cNq,Farra,Margetson,CLIENT
dmckean49,$2a$10$t7Yelc6KO8lOcOQUd1eYDOl/T6LxVPWwee4DlMTSdNOrSo.JZ9cNq,David,McKean,CLIENT
ythoresbie4a,$2a$10$t7Yelc6KO8lOcOQUd1eYDOl/T6LxVPWwee4DlMTSdNOrSo.JZ9cNq,Yurik,Thoresbie,CLIENT
mblagburn4b,$2a$10$t7Yelc6KO8lOcOQUd1eYDOl/T6LxVPWwee4DlMTSdNOrSo.JZ9cNq,Melissa,Blagburn,CLIENT
jgatus4c,$2a$10$t7Yelc6KO8lOcOQUd1eYDOl/T6LxVPWwee4DlMTSdNOrSo.JZ9cNq,Jessalyn,Gatus,CLIENT
jgosenell4d,$2a$10$t7Yelc6KO8lOcOQUd1eYDOl/T6LxVPWwee4DlMTSdNOrSo.JZ9cNq,Julissa,Gosenell,CLIENT
bmogenot4e,$2a$10$t7Yelc6KO8lOcOQUd1eYDOl/T6LxVPWwee4DlMTSdNOrSo.JZ9cNq,Barde,Mogenot,CLIENT
mgrene4f,$2a$10$t7Yelc6KO8lOcOQUd1eYDOl/T6LxVPWwee4DlMTSdNOrSo.JZ9cNq,Maurise,Grene,CLIENT
bfarncomb4g,$2a$10$t7Yelc6KO8lOcOQUd1eYDOl/T6LxVPWwee4DlMTSdNOrSo.JZ9cNq,Bartolomeo,Farncomb,CLIENT
hever4h,$2a$10$t7Yelc6KO8lOcOQUd1eYDOl/T6LxVPWwee4DlMTSdNOrSo.JZ9cNq,Hyacintha,Ever,CLIENT
ecampbelldunlop4i,$2a$10$t7Yelc6KO8lOcOQUd1eYDOl/T6LxVPWwee4DlMTSdNOrSo.JZ9cNq,Elyse,Campbell-Dunlop,CLIENT
maugie4j,$2a$10$t7Yelc6KO8lOcOQUd1eYDOl/T6LxVPWwee4DlMTSdNOrSo.JZ9cNq,Magdalena,Augie,CLIENT
wguest4k,$2a$10$t7Yelc6KO8lOcOQUd1eYDOl/T6LxVPWwee4DlMTSdNOrSo.JZ9cNq,Wait,Guest,CLIENT
dpagen4l,$2a$10$t7Yelc6KO8lOcOQUd1eYDOl/T6LxVPWwee4DlMTSdNOrSo.JZ9cNq,Delphinia,Pagen,CLIENT
fplain4m,$2a$10$t7Yelc6KO8lOcOQUd1eYDOl/T6LxVPWwee4DlMTSdNOrSo.JZ9cNq,Fremont,Plain,CLIENT
hcocci4n,$2a$10$t7Yelc6KO8lOcOQUd1eYDOl/T6LxVPWwee4DlMTSdNOrSo.JZ9cNq,Henrik,Cocci,CLIENT
ddecker4o,$2a$10$t7Yelc6KO8lOcOQUd1eYDOl/T6LxVPWwee4DlMTSdNOrSo.JZ9cNq,Delila,Decker,CLIENT
aclilverd4p,$2a$10$t7Yelc6KO8lOcOQUd1eYDOl/T6LxVPWwee4DlMTSdNOrSo.JZ9cNq,Ashely,Clilverd,CLIENT
bskittle4q,$2a$10$t7Yelc6KO8lOcOQUd1eYDOl/T6LxVPWwee4DlMTSdNOrSo.JZ9cNq,Bea,Skittle,CLIENT
pcoulter4r,$2a$10$t7Yelc6KO8lOcOQUd1eYDOl/T6LxVPWwee4DlMTSdNOrSo.JZ9cNq,Paula,Coulter,CLIENT
kdeluca4s,$2a$10$t7Yelc6KO8lOcOQUd1eYDOl/T6LxVPWwee4DlMTSdNOrSo.JZ9cNq,Katee,Deluca,CLIENT
swasiel4t,$2a$10$t7Yelc6KO8lOcOQUd1eYDOl/T6LxVPWwee4DlMTSdNOrSo.JZ9cNq,Saba,Wasiel,CLIENT
jraiker4u,$2a$10$t7Yelc6KO8lOcOQUd1eYDOl/T6LxVPWwee4DlMTSdNOrSo.JZ9cNq,Jacqueline,Raiker,CLIENT
hhammerson4v,$2a$10$t7Yelc6KO8lOcOQUd1eYDOl/T6LxVPWwee4DlMTSdNOrSo.JZ9cNq,Harp,Hammerson,CLIENT
acranney4w,$2a$10$t7Yelc6KO8lOcOQUd1eYDOl/T6LxVPWwee4DlMTSdNOrSo.JZ9cNq,Alison,Cranney,CLIENT
vaucutt4x,$2a$10$t7Yelc6KO8lOcOQUd1eYDOl/T6LxVPWwee4DlMTSdNOrSo.JZ9cNq,Valina,Aucutt,CLIENT
ekenford4y,$2a$10$t7Yelc6KO8lOcOQUd1eYDOl/T6LxVPWwee4DlMTSdNOrSo.JZ9cNq,Elsie,Kenford,CLIENT
bleblanc4z,$2a$10$t7Yelc6KO8lOcOQUd1eYDOl/T6LxVPWwee4DlMTSdNOrSo.JZ9cNq,Bevan,Leblanc,CLIENT
bsnowball50,$2a$10$t7Yelc6KO8lOcOQUd1eYDOl/T6LxVPWwee4DlMTSdNOrSo.JZ9cNq,Beryl,Snowball,CLIENT
gbarth51,$2a$10$t7Yelc6KO8lOcOQUd1eYDOl/T6LxVPWwee4DlMTSdNOrSo.JZ9cNq,Gretel,Barth,CLIENT
lelrick52,$2a$10$t7Yelc6KO8lOcOQUd1eYDOl/T6LxVPWwee4DlMTSdNOrSo.JZ9cNq,Llewellyn,Elrick,CLIENT
mbaldacco53,$2a$10$t7Yelc6KO8lOcOQUd1eYDOl/T6LxVPWwee4DlMTSdNOrSo.JZ9cNq,Martyn,Baldacco,CLIENT
candreutti54,$2a$10$t7Yelc6KO8lOcOQUd1eYDOl/T6LxVPWwee4DlMTSdNOrSo.JZ9cNq,Claudette,Andreutti,CLIENT
efeltoe55,$2a$10$t7Yelc6KO8lOcOQUd1eYDOl/T6LxVPWwee4DlMTSdNOrSo.JZ9cNq,Ezechiel,Feltoe,CLIENT
obraithwaite56,$2a$10$t7Yelc6KO8lOcOQUd1eYDOl/T6LxVPWwee4DlMTSdNOrSo.JZ9cNq,Osmond,Braithwaite,CLIENT
eapplewhite57,$2a$10$t7Yelc6KO8lOcOQUd1eYDOl/T6LxVPWwee4DlMTSdNOrSo.JZ9cNq,Ernaline,Applewhite,CLIENT
beves58,$2a$10$t7Yelc6KO8lOcOQUd1eYDOl/T6LxVPWwee4DlMTSdNOrSo.JZ9cNq,Budd,Eves,CLIENT
crollo59,$2a$10$t7Yelc6KO8lOcOQUd1eYDOl/T6LxVPWwee4DlMTSdNOrSo.JZ9cNq,Clea,Rollo,CLIENT
jgeeve5a,$2a$10$t7Yelc6KO8lOcOQUd1eYDOl/T6LxVPWwee4DlMTSdNOrSo.JZ9cNq,Jesus,Geeve,CLIENT
bpankethman5b,$2a$10$t7Yelc6KO8lOcOQUd1eYDOl/T6LxVPWwee4DlMTSdNOrSo.JZ9cNq,Bunni,Pankethman,CLIENT
ffarnan5c,$2a$10$t7Yelc6KO8lOcOQUd1eYDOl/T6LxVPWwee4DlMTSdNOrSo.JZ9cNq,Franzen,Farnan,CLIENT
pwheelan5d,$2a$10$t7Yelc6KO8lOcOQUd1eYDOl/T6LxVPWwee4DlMTSdNOrSo.JZ9cNq,Papageno,Wheelan,CLIENT
froom5e,$2a$10$t7Yelc6KO8lOcOQUd1eYDOl/T6LxVPWwee4DlMTSdNOrSo.JZ9cNq,Ferrell,Room,CLIENT
eburgyn5f,$2a$10$t7Yelc6KO8lOcOQUd1eYDOl/T6LxVPWwee4DlMTSdNOrSo.JZ9cNq,Egan,Burgyn,CLIENT
gchetham5g,$2a$10$t7Yelc6KO8lOcOQUd1eYDOl/T6LxVPWwee4DlMTSdNOrSo.JZ9cNq,Gusty,Chetham,CLIENT
fmcgrail5h,$2a$10$t7Yelc6KO8lOcOQUd1eYDOl/T6LxVPWwee4DlMTSdNOrSo.JZ9cNq,Frants,McGrail,CLIENT
pmatousek5i,$2a$10$t7Yelc6KO8lOcOQUd1eYDOl/T6LxVPWwee4DlMTSdNOrSo.JZ9cNq,Pet,Matousek,CLIENT
gfogarty5j,$2a$10$t7Yelc6KO8lOcOQUd1eYDOl/T6LxVPWwee4DlMTSdNOrSo.JZ9cNq,Giacomo,Fogarty,CLIENT
zautry5k,$2a$10$t7Yelc6KO8lOcOQUd1eYDOl/T6LxVPWwee4DlMTSdNOrSo.JZ9cNq,Zelma,Autry,CLIENT
dsullly5l,$2a$10$t7Yelc6KO8lOcOQUd1eYDOl/T6LxVPWwee4DlMTSdNOrSo.JZ9cNq,Danita,Sullly,CLIENT
lovernell5m,$2a$10$t7Yelc6KO8lOcOQUd1eYDOl/T6LxVPWwee4DlMTSdNOrSo.JZ9cNq,Leia,Overnell,CLIENT
sfrayne5n,$2a$10$t7Yelc6KO8lOcOQUd1eYDOl/T6LxVPWwee4DlMTSdNOrSo.JZ9cNq,Sheelagh,Frayne,CLIENT
tyu5o,$2a$10$t7Yelc6KO8lOcOQUd1eYDOl/T6LxVPWwee4DlMTSdNOrSo.JZ9cNq,Trevar,Yu,CLIENT
kkennewell5p,$2a$10$t7Yelc6KO8lOcOQUd1eYDOl/T6LxVPWwee4DlMTSdNOrSo.JZ9cNq,Kathryn,Kennewell,CLIENT
rnathan5q,$2a$10$t7Yelc6KO8lOcOQUd1eYDOl/T6LxVPWwee4DlMTSdNOrSo.JZ9cNq,Rheta,Nathan,CLIENT
hbenton5r,$2a$10$t7Yelc6KO8lOcOQUd1eYDOl/T6LxVPWwee4DlMTSdNOrSo.JZ9cNq,Hedda,Benton,CLIENT
hloughton5s,$2a$10$t7Yelc6KO8lOcOQUd1eYDOl/T6LxVPWwee4DlMTSdNOrSo.JZ9cNq,Hanan,Loughton,CLIENT
bgrevel5t,$2a$10$t7Yelc6KO8lOcOQUd1eYDOl/T6LxVPWwee4DlMTSdNOrSo.JZ9cNq,Barclay,Grevel,CLIENT
twragg5u,$2a$10$t7Yelc6KO8lOcOQUd1eYDOl/T6LxVPWwee4DlMTSdNOrSo.JZ9cNq,Tamara,Wragg,CLIENT
hspatari5v,$2a$10$t7Yelc6KO8lOcOQUd1eYDOl/T6LxVPWwee4DlMTSdNOrSo.JZ9cNq,Harlan,Spatari,CLIENT
kmaskall5w,$2a$10$t7Yelc6KO8lOcOQUd1eYDOl/T6LxVPWwee4DlMTSdNOrSo.JZ9cNq,Koressa,Maskall,CLIENT
kgrunder5x,$2a$10$t7Yelc6KO8lOcOQUd1eYDOl/T6LxVPWwee4DlMTSdNOrSo.JZ9cNq,Kalina,Grunder,CLIENT
cdimitrijevic5y,$2a$10$t7Yelc6KO8lOcOQUd1eYDOl/T6LxVPWwee4DlMTSdNOrSo.JZ9cNq,Clarice,Dimitrijevic,CLIENT
eclery5z,$2a$10$t7Yelc6KO8lOcOQUd1eYDOl/T6LxVPWwee4DlMTSdNOrSo.JZ9cNq,Evelin,Clery,CLIENT
stowlson60,$2a$10$t7Yelc6KO8lOcOQUd1eYDOl/T6LxVPWwee4DlMTSdNOrSo.JZ9cNq,Sofie,Towlson,CLIENT
eroullier61,$2a$10$t7Yelc6KO8lOcOQUd1eYDOl/T6LxVPWwee4DlMTSdNOrSo.JZ9cNq,Edvard,Roullier,CLIENT
myurshev62,$2a$10$t7Yelc6KO8lOcOQUd1eYDOl/T6LxVPWwee4DlMTSdNOrSo.JZ9cNq,Marja,Yurshev,CLIENT
abadwick63,$2a$10$t7Yelc6KO8lOcOQUd1eYDOl/T6LxVPWwee4DlMTSdNOrSo.JZ9cNq,Annadiana,Badwick,CLIENT
amailes64,$2a$10$t7Yelc6KO8lOcOQUd1eYDOl/T6LxVPWwee4DlMTSdNOrSo.JZ9cNq,Amii,Mailes,CLIENT
reytel65,$2a$10$t7Yelc6KO8lOcOQUd1eYDOl/T6LxVPWwee4DlMTSdNOrSo.JZ9cNq,Renato,Eytel,CLIENT
cfoale66,$2a$10$t7Yelc6KO8lOcOQUd1eYDOl/T6LxVPWwee4DlMTSdNOrSo.JZ9cNq,Codi,Foale,CLIENT
abiddell67,$2a$10$t7Yelc6KO8lOcOQUd1eYDOl/T6LxVPWwee4DlMTSdNOrSo.JZ9cNq,Ajay,Biddell,CLIENT
cdegan68,$2a$10$t7Yelc6KO8lOcOQUd1eYDOl/T6LxVPWwee4DlMTSdNOrSo.JZ9cNq,Celia,Degan,CLIENT
mparkeson69,$2a$10$t7Yelc6KO8lOcOQUd1eYDOl/T6LxVPWwee4DlMTSdNOrSo.JZ9cNq,Marco,Parkeson,CLIENT
tsoutherill6a,$2a$10$t7Yelc6KO8lOcOQUd1eYDOl/T6LxVPWwee4DlMTSdNOrSo.JZ9cNq,Travis,Southerill,CLIENT
vdiess6b,$2a$10$t7Yelc6KO8lOcOQUd1eYDOl/T6LxVPWwee4DlMTSdNOrSo.JZ9cNq,Vernon,Diess,CLIENT
jbaldree6c,$2a$10$t7Yelc6KO8lOcOQUd1eYDOl/T6LxVPWwee4DlMTSdNOrSo.JZ9cNq,Jennie,Baldree,CLIENT
sbroseke6d,$2a$10$t7Yelc6KO8lOcOQUd1eYDOl/T6LxVPWwee4DlMTSdNOrSo.JZ9cNq,Sherm,Broseke,CLIENT
tfruin6e,$2a$10$t7Yelc6KO8lOcOQUd1eYDOl/T6LxVPWwee4DlMTSdNOrSo.JZ9cNq,Tonie,Fruin,CLIENT
mstrutz6f,$2a$10$t7Yelc6KO8lOcOQUd1eYDOl/T6LxVPWwee4DlMTSdNOrSo.JZ9cNq,Malachi,Strutz,CLIENT
despinho6g,$2a$10$t7Yelc6KO8lOcOQUd1eYDOl/T6LxVPWwee4DlMTSdNOrSo.JZ9cNq,Daren,Espinho,CLIENT
rquinn6h,$2a$10$t7Yelc6KO8lOcOQUd1eYDOl/T6LxVPWwee4DlMTSdNOrSo.JZ9cNq,Riannon,Quinn,CLIENT
ptregidga6i,$2a$10$t7Yelc6KO8lOcOQUd1eYDOl/T6LxVPWwee4DlMTSdNOrSo.JZ9cNq,Pepi,Tregidga,CLIENT
mmanuele6j,$2a$10$t7Yelc6KO8lOcOQUd1eYDOl/T6LxVPWwee4DlMTSdNOrSo.JZ9cNq,Mace,Manuele,CLIENT
fmacginley6k,$2a$10$t7Yelc6KO8lOcOQUd1eYDOl/T6LxVPWwee4DlMTSdNOrSo.JZ9cNq,Farrah,MacGinley,CLIENT
pthorlby6l,$2a$10$t7Yelc6KO8lOcOQUd1eYDOl/T6LxVPWwee4DlMTSdNOrSo.JZ9cNq,Phillipe,Thorlby,CLIENT
aknoles6m,$2a$10$t7Yelc6KO8lOcOQUd1eYDOl/T6LxVPWwee4DlMTSdNOrSo.JZ9cNq,Arlen,Knoles,CLIENT
nosment6n,$2a$10$t7Yelc6KO8lOcOQUd1eYDOl/T6LxVPWwee4DlMTSdNOrSo.JZ9cNq,Netta,Osment,CLIENT
zbather6o,$2a$10$t7Yelc6KO8lOcOQUd1eYDOl/T6LxVPWwee4DlMTSdNOrSo.JZ9cNq,Zebadiah,Bather,CLIENT
bsmethurst6p,$2a$10$t7Yelc6KO8lOcOQUd1eYDOl/T6LxVPWwee4DlMTSdNOrSo.JZ9cNq,Bobbee,Smethurst,CLIENT
bbasterfield6q,$2a$10$t7Yelc6KO8lOcOQUd1eYDOl/T6LxVPWwee4DlMTSdNOrSo.JZ9cNq,Brittaney,Basterfield,CLIENT
dsheldrick6r,$2a$10$t7Yelc6KO8lOcOQUd1eYDOl/T6LxVPWwee4DlMTSdNOrSo.JZ9cNq,Dev,Sheldrick,CLIENT
cclausewitz6s,$2a$10$t7Yelc6KO8lOcOQUd1eYDOl/T6LxVPWwee4DlMTSdNOrSo.JZ9cNq,Cleveland,Clausewitz,CLIENT
kgail6t,$2a$10$t7Yelc6KO8lOcOQUd1eYDOl/T6LxVPWwee4DlMTSdNOrSo.JZ9cNq,Kally,Gail,CLIENT
sgready6u,$2a$10$t7Yelc6KO8lOcOQUd1eYDOl/T6LxVPWwee4DlMTSdNOrSo.JZ9cNq,Silas,Gready,CLIENT
nphethean6v,$2a$10$t7Yelc6KO8lOcOQUd1eYDOl/T6LxVPWwee4DlMTSdNOrSo.JZ9cNq,Nicolas,Phethean,CLIENT
bchapelhow6w,$2a$10$t7Yelc6KO8lOcOQUd1eYDOl/T6LxVPWwee4DlMTSdNOrSo.JZ9cNq,Basile,Chapelhow,CLIENT
ckarpman6x,$2a$10$t7Yelc6KO8lOcOQUd1eYDOl/T6LxVPWwee4DlMTSdNOrSo.JZ9cNq,Conny,Karpman,CLIENT
pflahy6y,$2a$10$t7Yelc6KO8lOcOQUd1eYDOl/T6LxVPWwee4DlMTSdNOrSo.JZ9cNq,Page,Flahy,CLIENT
cousbie6z,$2a$10$t7Yelc6KO8lOcOQUd1eYDOl/T6LxVPWwee4DlMTSdNOrSo.JZ9cNq,Claire,Ousbie,CLIENT
jluby70,$2a$10$t7Yelc6KO8lOcOQUd1eYDOl/T6LxVPWwee4DlMTSdNOrSo.JZ9cNq,Jodie,Luby,CLIENT
tboniface71,$2a$10$t7Yelc6KO8lOcOQUd1eYDOl/T6LxVPWwee4DlMTSdNOrSo.JZ9cNq,Tansy,Boniface,CLIENT
fsemper72,$2a$10$t7Yelc6KO8lOcOQUd1eYDOl/T6LxVPWwee4DlMTSdNOrSo.JZ9cNq,Flossy,Semper,CLIENT
cpriel73,$2a$10$t7Yelc6KO8lOcOQUd1eYDOl/T6LxVPWwee4DlMTSdNOrSo.JZ9cNq,Cathee,Priel,CLIENT
mmacadam74,$2a$10$t7Yelc6KO8lOcOQUd1eYDOl/T6LxVPWwee4DlMTSdNOrSo.JZ9cNq,Maxim,MacAdam,CLIENT
lhynd75,$2a$10$t7Yelc6KO8lOcOQUd1eYDOl/T6LxVPWwee4DlMTSdNOrSo.JZ9cNq,Lucina,Hynd,CLIENT
jheffer76,$2a$10$t7Yelc6KO8lOcOQUd1eYDOl/T6LxVPWwee4DlMTSdNOrSo.JZ9cNq,Jessalyn,Heffer,CLIENT
splues77,$2a$10$t7Yelc6KO8lOcOQUd1eYDOl/T6LxVPWwee4DlMTSdNOrSo.JZ9cNq,Sal,Plues,CLIENT
cyemm78,$2a$10$t7Yelc6KO8lOcOQUd1eYDOl/T6LxVPWwee4DlMTSdNOrSo.JZ9cNq,Constantine,Yemm,CLIENT
lbosche79,$2a$10$t7Yelc6KO8lOcOQUd1eYDOl/T6LxVPWwee4DlMTSdNOrSo.JZ9cNq,Lothaire,Bosche,CLIENT
bcallendar7a,$2a$10$t7Yelc6KO8lOcOQUd1eYDOl/T6LxVPWwee4DlMTSdNOrSo.JZ9cNq,Bridie,Callendar,CLIENT
ovolkers7b,$2a$10$t7Yelc6KO8lOcOQUd1eYDOl/T6LxVPWwee4DlMTSdNOrSo.JZ9cNq,Obie,Volkers,CLIENT
rmingardi7c,$2a$10$t7Yelc6KO8lOcOQUd1eYDOl/T6LxVPWwee4DlMTSdNOrSo.JZ9cNq,Rosemaria,Mingardi,CLIENT
mbarbrook7d,$2a$10$t7Yelc6KO8lOcOQUd1eYDOl/T6LxVPWwee4DlMTSdNOrSo.JZ9cNq,Mario,Barbrook,CLIENT
shawtin7e,$2a$10$t7Yelc6KO8lOcOQUd1eYDOl/T6LxVPWwee4DlMTSdNOrSo.JZ9cNq,Shoshanna,Hawtin,CLIENT
mpodd7f,$2a$10$t7Yelc6KO8lOcOQUd1eYDOl/T6LxVPWwee4DlMTSdNOrSo.JZ9cNq,Meris,Podd,CLIENT
hbeeze7g,$2a$10$t7Yelc6KO8lOcOQUd1eYDOl/T6LxVPWwee4DlMTSdNOrSo.JZ9cNq,Hannah,Beeze,CLIENT
rburkart7h,$2a$10$t7Yelc6KO8lOcOQUd1eYDOl/T6LxVPWwee4DlMTSdNOrSo.JZ9cNq,Ray,Burkart,CLIENT
fespino7i,$2a$10$t7Yelc6KO8lOcOQUd1eYDOl/T6LxVPWwee4DlMTSdNOrSo.JZ9cNq,Fitzgerald,Espino,CLIENT
sfibbitts7j,$2a$10$t7Yelc6KO8lOcOQUd1eYDOl/T6LxVPWwee4DlMTSdNOrSo.JZ9cNq,Stirling,Fibbitts,CLIENT
fmisken7k,$2a$10$t7Yelc6KO8lOcOQUd1eYDOl/T6LxVPWwee4DlMTSdNOrSo.JZ9cNq,Flory,Misken,CLIENT
leyton7l,$2a$10$t7Yelc6KO8lOcOQUd1eYDOl/T6LxVPWwee4DlMTSdNOrSo.JZ9cNq,Lari,Eyton,CLIENT
afattorini7m,$2a$10$t7Yelc6KO8lOcOQUd1eYDOl/T6LxVPWwee4DlMTSdNOrSo.JZ9cNq,Adiana,Fattorini,CLIENT
frawlin7n,$2a$10$t7Yelc6KO8lOcOQUd1eYDOl/T6LxVPWwee4DlMTSdNOrSo.JZ9cNq,Frederico,Rawlin,CLIENT
eambage7o,$2a$10$t7Yelc6KO8lOcOQUd1eYDOl/T6LxVPWwee4DlMTSdNOrSo.JZ9cNq,Ernest,Ambage,CLIENT
cglanert7p,$2a$10$t7Yelc6KO8lOcOQUd1eYDOl/T6LxVPWwee4DlMTSdNOrSo.JZ9cNq,Calvin,Glanert,CLIENT
cmerrywether7q,$2a$10$t7Yelc6KO8lOcOQUd1eYDOl/T6LxVPWwee4DlMTSdNOrSo.JZ9cNq,Cher,Merrywether,CLIENT
cbentzen7r,$2a$10$t7Yelc6KO8lOcOQUd1eYDOl/T6LxVPWwee4DlMTSdNOrSo.JZ9cNq,Curry,Bentzen,CLIENT
igentzsch7s,$2a$10$t7Yelc6KO8lOcOQUd1eYDOl/T6LxVPWwee4DlMTSdNOrSo.JZ9cNq,Ibby,Gentzsch,CLIENT
enutley7t,$2a$10$t7Yelc6KO8lOcOQUd1eYDOl/T6LxVPWwee4DlMTSdNOrSo.JZ9cNq,Eddi,Nutley,CLIENT
mmedhurst7u,$2a$10$t7Yelc6KO8lOcOQUd1eYDOl/T6LxVPWwee4DlMTSdNOrSo.JZ9cNq,Maxim,Medhurst,CLIENT
aalthrope7v,$2a$10$t7Yelc6KO8lOcOQUd1eYDOl/T6LxVPWwee4DlMTSdNOrSo.JZ9cNq,Anna-maria,Althrope,CLIENT
bkryzhov7w,$2a$10$t7Yelc6KO8lOcOQUd1eYDOl/T6LxVPWwee4DlMTSdNOrSo.JZ9cNq,Barron,Kryzhov,CLIENT
lcaudrey7x,$2a$10$t7Yelc6KO8lOcOQUd1eYDOl/T6LxVPWwee4DlMTSdNOrSo.JZ9cNq,Lyndell,Caudrey,CLIENT
oroggeman7y,$2a$10$t7Yelc6KO8lOcOQUd1eYDOl/T6LxVPWwee4DlMTSdNOrSo.JZ9cNq,Osbert,Roggeman,CLIENT
epoyner7z,$2a$10$t7Yelc6KO8lOcOQUd1eYDOl/T6LxVPWwee4DlMTSdNOrSo.JZ9cNq,Emogene,Poyner,CLIENT
jkirkup80,$2a$10$t7Yelc6KO8lOcOQUd1eYDOl/T6LxVPWwee4DlMTSdNOrSo.JZ9cNq,Jany,Kirkup,CLIENT
zsperring81,$2a$10$t7Yelc6KO8lOcOQUd1eYDOl/T6LxVPWwee4DlMTSdNOrSo.JZ9cNq,Zahara,Sperring,CLIENT
rjuckes82,$2a$10$t7Yelc6KO8lOcOQUd1eYDOl/T6LxVPWwee4DlMTSdNOrSo.JZ9cNq,Riane,Juckes,CLIENT
kjenne83,$2a$10$t7Yelc6KO8lOcOQUd1eYDOl/T6LxVPWwee4DlMTSdNOrSo.JZ9cNq,Klarika,Jenne,CLIENT
tkliement84,$2a$10$t7Yelc6KO8lOcOQUd1eYDOl/T6LxVPWwee4DlMTSdNOrSo.JZ9cNq,Tobit,Kliement,CLIENT
skennon85,$2a$10$t7Yelc6KO8lOcOQUd1eYDOl/T6LxVPWwee4DlMTSdNOrSo.JZ9cNq,Susy,Kennon,CLIENT
mcaplin86,$2a$10$t7Yelc6KO8lOcOQUd1eYDOl/T6LxVPWwee4DlMTSdNOrSo.JZ9cNq,Marje,Caplin,CLIENT
zgossipin87,$2a$10$t7Yelc6KO8lOcOQUd1eYDOl/T6LxVPWwee4DlMTSdNOrSo.JZ9cNq,Zed,Gossipin,CLIENT
bkuhn88,$2a$10$t7Yelc6KO8lOcOQUd1eYDOl/T6LxVPWwee4DlMTSdNOrSo.JZ9cNq,Buffy,Kuhn,CLIENT
eribey89,$2a$10$t7Yelc6KO8lOcOQUd1eYDOl/T6LxVPWwee4DlMTSdNOrSo.JZ9cNq,Eziechiele,Ribey,CLIENT
mbayns8a,$2a$10$t7Yelc6KO8lOcOQUd1eYDOl/T6LxVPWwee4DlMTSdNOrSo.JZ9cNq,Munroe,Bayns,CLIENT
pcoggins8b,$2a$10$t7Yelc6KO8lOcOQUd1eYDOl/T6LxVPWwee4DlMTSdNOrSo.JZ9cNq,Patrizius,Coggins,CLIENT
zsibson8c,$2a$10$t7Yelc6KO8lOcOQUd1eYDOl/T6LxVPWwee4DlMTSdNOrSo.JZ9cNq,Zacharias,Sibson,CLIENT
glegendre8d,$2a$10$t7Yelc6KO8lOcOQUd1eYDOl/T6LxVPWwee4DlMTSdNOrSo.JZ9cNq,Gradeigh,Legendre,CLIENT
mflaonier8e,$2a$10$t7Yelc6KO8lOcOQUd1eYDOl/T6LxVPWwee4DlMTSdNOrSo.JZ9cNq,Melantha,Flaonier,CLIENT
fhadwen8f,$2a$10$t7Yelc6KO8lOcOQUd1eYDOl/T6LxVPWwee4DlMTSdNOrSo.JZ9cNq,Franciska,Hadwen,CLIENT
bboodle8g,$2a$10$t7Yelc6KO8lOcOQUd1eYDOl/T6LxVPWwee4DlMTSdNOrSo.JZ9cNq,Broderick,Boodle,CLIENT
ctriebner8h,$2a$10$t7Yelc6KO8lOcOQUd1eYDOl/T6LxVPWwee4DlMTSdNOrSo.JZ9cNq,Carny,Triebner,CLIENT
tsetter8i,$2a$10$t7Yelc6KO8lOcOQUd1eYDOl/T6LxVPWwee4DlMTSdNOrSo.JZ9cNq,Tom,Setter,CLIENT
fdandison8j,$2a$10$t7Yelc6KO8lOcOQUd1eYDOl/T6LxVPWwee4DlMTSdNOrSo.JZ9cNq,Fanya,Dandison,CLIENT
fginsie8k,$2a$10$t7Yelc6KO8lOcOQUd1eYDOl/T6LxVPWwee4DlMTSdNOrSo.JZ9cNq,Fidelio,Ginsie,CLIENT
jseiller8l,$2a$10$t7Yelc6KO8lOcOQUd1eYDOl/T6LxVPWwee4DlMTSdNOrSo.JZ9cNq,Jacquetta,Seiller,CLIENT
apavlik8m,$2a$10$t7Yelc6KO8lOcOQUd1eYDOl/T6LxVPWwee4DlMTSdNOrSo.JZ9cNq,Andee,Pavlik,CLIENT
tmancer8n,$2a$10$t7Yelc6KO8lOcOQUd1eYDOl/T6LxVPWwee4DlMTSdNOrSo.JZ9cNq,Tedman,Mancer,CLIENT
ntully8o,$2a$10$t7Yelc6KO8lOcOQUd1eYDOl/T6LxVPWwee4DlMTSdNOrSo.JZ9cNq,Norris,Tully,CLIENT
rleneham8p,$2a$10$t7Yelc6KO8lOcOQUd1eYDOl/T6LxVPWwee4DlMTSdNOrSo.JZ9cNq,Rakel,Leneham,CLIENT
wgarcia8q,$2a$10$t7Yelc6KO8lOcOQUd1eYDOl/T6LxVPWwee4DlMTSdNOrSo.JZ9cNq,Wini,Garcia,CLIENT
lpillinger8r,$2a$10$t7Yelc6KO8lOcOQUd1eYDOl/T6LxVPWwee4DlMTSdNOrSo.JZ9cNq,Lance,Pillinger,CLIENT
cmcquillin8s,$2a$10$t7Yelc6KO8lOcOQUd1eYDOl/T6LxVPWwee4DlMTSdNOrSo.JZ9cNq,Claire,McQuillin,CLIENT
gjacquemot8t,$2a$10$t7Yelc6KO8lOcOQUd1eYDOl/T6LxVPWwee4DlMTSdNOrSo.JZ9cNq,Genovera,Jacquemot,CLIENT
flickorish8u,$2a$10$t7Yelc6KO8lOcOQUd1eYDOl/T6LxVPWwee4DlMTSdNOrSo.JZ9cNq,Faunie,Lickorish,CLIENT
twaterworth8v,$2a$10$t7Yelc6KO8lOcOQUd1eYDOl/T6LxVPWwee4DlMTSdNOrSo.JZ9cNq,Tarrance,Waterworth,CLIENT
vparris8w,$2a$10$t7Yelc6KO8lOcOQUd1eYDOl/T6LxVPWwee4DlMTSdNOrSo.JZ9cNq,Vanessa,Parris,CLIENT
mcraisford8x,$2a$10$t7Yelc6KO8lOcOQUd1eYDOl/T6LxVPWwee4DlMTSdNOrSo.JZ9cNq,Mirabelle,Craisford,CLIENT
vgrimditch8y,$2a$10$t7Yelc6KO8lOcOQUd1eYDOl/T6LxVPWwee4DlMTSdNOrSo.JZ9cNq,Vonnie,Grimditch,CLIENT
ledelheit8z,$2a$10$t7Yelc6KO8lOcOQUd1eYDOl/T6LxVPWwee4DlMTSdNOrSo.JZ9cNq,Ludwig,Edelheit,CLIENT
nbroinlich90,$2a$10$t7Yelc6KO8lOcOQUd1eYDOl/T6LxVPWwee4DlMTSdNOrSo.JZ9cNq,Neala,Broinlich,CLIENT
nmattiacci91,$2a$10$t7Yelc6KO8lOcOQUd1eYDOl/T6LxVPWwee4DlMTSdNOrSo.JZ9cNq,Nevins,Mattiacci,CLIENT
dmiklem92,$2a$10$t7Yelc6KO8lOcOQUd1eYDOl/T6LxVPWwee4DlMTSdNOrSo.JZ9cNq,Diana,Miklem,CLIENT
ceuston93,$2a$10$t7Yelc6KO8lOcOQUd1eYDOl/T6LxVPWwee4DlMTSdNOrSo.JZ9cNq,Cacilie,Euston,CLIENT
sfalla94,$2a$10$t7Yelc6KO8lOcOQUd1eYDOl/T6LxVPWwee4DlMTSdNOrSo.JZ9cNq,Sallyanne,Falla,CLIENT
ghaine95,$2a$10$t7Yelc6KO8lOcOQUd1eYDOl/T6LxVPWwee4DlMTSdNOrSo.JZ9cNq,Guenevere,Haine,CLIENT
sshotter96,$2a$10$t7Yelc6KO8lOcOQUd1eYDOl/T6LxVPWwee4DlMTSdNOrSo.JZ9cNq,Shane,Shotter,CLIENT
tbriand97,$2a$10$t7Yelc6KO8lOcOQUd1eYDOl/T6LxVPWwee4DlMTSdNOrSo.JZ9cNq,Tobye,Briand,CLIENT
jlugden98,$2a$10$t7Yelc6KO8lOcOQUd1eYDOl/T6LxVPWwee4DlMTSdNOrSo.JZ9cNq,Joella,Lugden,CLIENT
bbudibent99,$2a$10$t7Yelc6KO8lOcOQUd1eYDOl/T6LxVPWwee4DlMTSdNOrSo.JZ9cNq,Bobette,Budibent,CLIENT
edungate9a,$2a$10$t7Yelc6KO8lOcOQUd1eYDOl/T6LxVPWwee4DlMTSdNOrSo.JZ9cNq,Eldridge,Dungate,CLIENT
glittley9b,$2a$10$t7Yelc6KO8lOcOQUd1eYDOl/T6LxVPWwee4DlMTSdNOrSo.JZ9cNq,Gasparo,Littley,CLIENT
mwakelin9c,$2a$10$t7Yelc6KO8lOcOQUd1eYDOl/T6LxVPWwee4DlMTSdNOrSo.JZ9cNq,Marcile,Wakelin,CLIENT
aabeau9d,$2a$10$t7Yelc6KO8lOcOQUd1eYDOl/T6LxVPWwee4DlMTSdNOrSo.JZ9cNq,Ari,Abeau,CLIENT
erecords9e,$2a$10$t7Yelc6KO8lOcOQUd1eYDOl/T6LxVPWwee4DlMTSdNOrSo.JZ9cNq,Elsi,Records,CLIENT
rbodker9f,$2a$10$t7Yelc6KO8lOcOQUd1eYDOl/T6LxVPWwee4DlMTSdNOrSo.JZ9cNq,Rustin,Bodker,CLIENT
nbehnke9g,$2a$10$t7Yelc6KO8lOcOQUd1eYDOl/T6LxVPWwee4DlMTSdNOrSo.JZ9cNq,Niles,Behnke,CLIENT
kronaghan9h,$2a$10$t7Yelc6KO8lOcOQUd1eYDOl/T6LxVPWwee4DlMTSdNOrSo.JZ9cNq,Kassia,Ronaghan,CLIENT
nhalle9i,$2a$10$t7Yelc6KO8lOcOQUd1eYDOl/T6LxVPWwee4DlMTSdNOrSo.JZ9cNq,Nowell,Halle,CLIENT
ukerridge9j,$2a$10$t7Yelc6KO8lOcOQUd1eYDOl/T6LxVPWwee4DlMTSdNOrSo.JZ9cNq,Urbain,Kerridge,CLIENT
jfiggen9k,$2a$10$t7Yelc6KO8lOcOQUd1eYDOl/T6LxVPWwee4DlMTSdNOrSo.JZ9cNq,Jacki,Figgen,CLIENT
bdeaton9l,$2a$10$t7Yelc6KO8lOcOQUd1eYDOl/T6LxVPWwee4DlMTSdNOrSo.JZ9cNq,Bord,Deaton,CLIENT
tdealtry9m,$2a$10$t7Yelc6KO8lOcOQUd1eYDOl/T6LxVPWwee4DlMTSdNOrSo.JZ9cNq,Tawsha,Dealtry,CLIENT
nmaffy9n,$2a$10$t7Yelc6KO8lOcOQUd1eYDOl/T6LxVPWwee4DlMTSdNOrSo.JZ9cNq,Nevsa,Maffy,CLIENT
bwestcarr9o,$2a$10$t7Yelc6KO8lOcOQUd1eYDOl/T6LxVPWwee4DlMTSdNOrSo.JZ9cNq,Barny,Westcarr,CLIENT
jstourton9p,$2a$10$t7Yelc6KO8lOcOQUd1eYDOl/T6LxVPWwee4DlMTSdNOrSo.JZ9cNq,Jaclin,Stourton,CLIENT
wgirodier9q,$2a$10$t7Yelc6KO8lOcOQUd1eYDOl/T6LxVPWwee4DlMTSdNOrSo.JZ9cNq,Werner,Girodier,CLIENT
ahawson9r,$2a$10$t7Yelc6KO8lOcOQUd1eYDOl/T6LxVPWwee4DlMTSdNOrSo.JZ9cNq,Ania,Hawson,CLIENT
jvoss9s,$2a$10$t7Yelc6KO8lOcOQUd1eYDOl/T6LxVPWwee4DlMTSdNOrSo.JZ9cNq,Jillane,Voss,CLIENT
yhatje9t,$2a$10$t7Yelc6KO8lOcOQUd1eYDOl/T6LxVPWwee4DlMTSdNOrSo.JZ9cNq,Yoshiko,Hatje,CLIENT
bakid9u,$2a$10$t7Yelc6KO8lOcOQUd1eYDOl/T6LxVPWwee4DlMTSdNOrSo.JZ9cNq,Brunhilda,Akid,CLIENT
twilliamson9v,$2a$10$t7Yelc6KO8lOcOQUd1eYDOl/T6LxVPWwee4DlMTSdNOrSo.JZ9cNq,Tedman,Williamson,CLIENT
tdrinnan9w,$2a$10$t7Yelc6KO8lOcOQUd1eYDOl/T6LxVPWwee4DlMTSdNOrSo.JZ9cNq,Tomas,Drinnan,CLIENT
dburdess9x,$2a$10$t7Yelc6KO8lOcOQUd1eYDOl/T6LxVPWwee4DlMTSdNOrSo.JZ9cNq,Dalenna,Burdess,CLIENT
cingleton9y,$2a$10$t7Yelc6KO8lOcOQUd1eYDOl/T6LxVPWwee4DlMTSdNOrSo.JZ9cNq,Creigh,Ingleton,CLIENT
pffrench9z,$2a$10$t7Yelc6KO8lOcOQUd1eYDOl/T6LxVPWwee4DlMTSdNOrSo.JZ9cNq,Peria,Ffrench,CLIENT
esallengera0,$2a$10$t7Yelc6KO8lOcOQUd1eYDOl/T6LxVPWwee4DlMTSdNOrSo.JZ9cNq,Enrichetta,Sallenger,CLIENT
hmullissa1,$2a$10$t7Yelc6KO8lOcOQUd1eYDOl/T6LxVPWwee4DlMTSdNOrSo.JZ9cNq,Herschel,Mulliss,CLIENT
cmacadiea2,$2a$10$t7Yelc6KO8lOcOQUd1eYDOl/T6LxVPWwee4DlMTSdNOrSo.JZ9cNq,Clovis,MacAdie,CLIENT
rcurraoa3,$2a$10$t7Yelc6KO8lOcOQUd1eYDOl/T6LxVPWwee4DlMTSdNOrSo.JZ9cNq,Rachele,Currao,CLIENT
pfisona4,$2a$10$t7Yelc6KO8lOcOQUd1eYDOl/T6LxVPWwee4DlMTSdNOrSo.JZ9cNq,Paulita,Fison,CLIENT
fgillinga5,$2a$10$t7Yelc6KO8lOcOQUd1eYDOl/T6LxVPWwee4DlMTSdNOrSo.JZ9cNq,Franni,Gilling,CLIENT
fmurrowa6,$2a$10$t7Yelc6KO8lOcOQUd1eYDOl/T6LxVPWwee4DlMTSdNOrSo.JZ9cNq,Francyne,Murrow,CLIENT
cmalletratta7,$2a$10$t7Yelc6KO8lOcOQUd1eYDOl/T6LxVPWwee4DlMTSdNOrSo.JZ9cNq,Corrinne,Malletratt,CLIENT
ghaningtona8,$2a$10$t7Yelc6KO8lOcOQUd1eYDOl/T6LxVPWwee4DlMTSdNOrSo.JZ9cNq,Gavan,Hanington,CLIENT
kblenkinsopa9,$2a$10$t7Yelc6KO8lOcOQUd1eYDOl/T6LxVPWwee4DlMTSdNOrSo.JZ9cNq,Keane,Blenkinsop,CLIENT
atydemanaa,$2a$10$t7Yelc6KO8lOcOQUd1eYDOl/T6LxVPWwee4DlMTSdNOrSo.JZ9cNq,Adolphus,Tydeman,CLIENT
fgallimoreab,$2a$10$t7Yelc6KO8lOcOQUd1eYDOl/T6LxVPWwee4DlMTSdNOrSo.JZ9cNq,Fayre,Gallimore,CLIENT
lmccritchieac,$2a$10$t7Yelc6KO8lOcOQUd1eYDOl/T6LxVPWwee4DlMTSdNOrSo.JZ9cNq,Lucy,McCritchie,CLIENT
lbatsonad,$2a$10$t7Yelc6KO8lOcOQUd1eYDOl/T6LxVPWwee4DlMTSdNOrSo.JZ9cNq,Liesa,Batson,CLIENT
pdracoae,$2a$10$t7Yelc6KO8lOcOQUd1eYDOl/T6LxVPWwee4DlMTSdNOrSo.JZ9cNq,Pincus,Draco,CLIENT
apauloaf,$2a$10$t7Yelc6KO8lOcOQUd1eYDOl/T6LxVPWwee4DlMTSdNOrSo.JZ9cNq,Adelaida,Paulo,CLIENT
roverstreetag,$2a$10$t7Yelc6KO8lOcOQUd1eYDOl/T6LxVPWwee4DlMTSdNOrSo.JZ9cNq,Robbie,Overstreet,CLIENT
jsallnowah,$2a$10$t7Yelc6KO8lOcOQUd1eYDOl/T6LxVPWwee4DlMTSdNOrSo.JZ9cNq,Janka,Sallnow,CLIENT
tbessantai,$2a$10$t7Yelc6KO8lOcOQUd1eYDOl/T6LxVPWwee4DlMTSdNOrSo.JZ9cNq,Tripp,Bessant,CLIENT
dlaughlinaj,$2a$10$t7Yelc6KO8lOcOQUd1eYDOl/T6LxVPWwee4DlMTSdNOrSo.JZ9cNq,Dulci,Laughlin,CLIENT
hhurlingak,$2a$10$t7Yelc6KO8lOcOQUd1eYDOl/T6LxVPWwee4DlMTSdNOrSo.JZ9cNq,Hedy,Hurling,CLIENT
adurkeral,$2a$10$t7Yelc6KO8lOcOQUd1eYDOl/T6LxVPWwee4DlMTSdNOrSo.JZ9cNq,Abbey,Durker,CLIENT
jiowarcham,$2a$10$t7Yelc6KO8lOcOQUd1eYDOl/T6LxVPWwee4DlMTSdNOrSo.JZ9cNq,Jessie,Iowarch,CLIENT
lcookan,$2a$10$t7Yelc6KO8lOcOQUd1eYDOl/T6LxVPWwee4DlMTSdNOrSo.JZ9cNq,Lucilia,Cook,CLIENT
dbaglanao,$2a$10$t7Yelc6KO8lOcOQUd1eYDOl/T6LxVPWwee4DlMTSdNOrSo.JZ9cNq,Dorene,Baglan,CLIENT
tsilcockap,$2a$10$t7Yelc6KO8lOcOQUd1eYDOl/T6LxVPWwee4DlMTSdNOrSo.JZ9cNq,Tracee,Silcock,CLIENT
fcastagnassoaq,$2a$10$t7Yelc6KO8lOcOQUd1eYDOl/T6LxVPWwee4DlMTSdNOrSo.JZ9cNq,Faustina,Castagnasso,CLIENT
gcavaneyar,$2a$10$t7Yelc6KO8lOcOQUd1eYDOl/T6LxVPWwee4DlMTSdNOrSo.JZ9cNq,Gib,Cavaney,CLIENT
hsineathas,$2a$10$t7Yelc6KO8lOcOQUd1eYDOl/T6LxVPWwee4DlMTSdNOrSo.JZ9cNq,Harriet,Sineath,CLIENT
mmcglynnat,$2a$10$t7Yelc6KO8lOcOQUd1eYDOl/T6LxVPWwee4DlMTSdNOrSo.JZ9cNq,Marilin,McGlynn,CLIENT
hpogueau,$2a$10$t7Yelc6KO8lOcOQUd1eYDOl/T6LxVPWwee4DlMTSdNOrSo.JZ9cNq,Harbert,Pogue,CLIENT
rcaffav,$2a$10$t7Yelc6KO8lOcOQUd1eYDOl/T6LxVPWwee4DlMTSdNOrSo.JZ9cNq,Robbyn,Caff,CLIENT
dformigliaw,$2a$10$t7Yelc6KO8lOcOQUd1eYDOl/T6LxVPWwee4DlMTSdNOrSo.JZ9cNq,Danya,Formigli,CLIENT
nellingfordax,$2a$10$t7Yelc6KO8lOcOQUd1eYDOl/T6LxVPWwee4DlMTSdNOrSo.JZ9cNq,Nariko,Ellingford,CLIENT
taugustay,$2a$10$t7Yelc6KO8lOcOQUd1eYDOl/T6LxVPWwee4DlMTSdNOrSo.JZ9cNq,Tobin,August,CLIENT
cpollendineaz,$2a$10$t7Yelc6KO8lOcOQUd1eYDOl/T6LxVPWwee4DlMTSdNOrSo.JZ9cNq,Cathrin,Pollendine,CLIENT
vlowndsb0,$2a$10$t7Yelc6KO8lOcOQUd1eYDOl/T6LxVPWwee4DlMTSdNOrSo.JZ9cNq,Victoria,Lownds,CLIENT
crolingsonb1,$2a$10$t7Yelc6KO8lOcOQUd1eYDOl/T6LxVPWwee4DlMTSdNOrSo.JZ9cNq,Cortie,Rolingson,CLIENT
aromeufb2,$2a$10$t7Yelc6KO8lOcOQUd1eYDOl/T6LxVPWwee4DlMTSdNOrSo.JZ9cNq,Ariana,Romeuf,CLIENT
hlattkab3,$2a$10$t7Yelc6KO8lOcOQUd1eYDOl/T6LxVPWwee4DlMTSdNOrSo.JZ9cNq,Haze,Lattka,CLIENT
mrokeb4,$2a$10$t7Yelc6KO8lOcOQUd1eYDOl/T6LxVPWwee4DlMTSdNOrSo.JZ9cNq,Mildred,Roke,CLIENT
jspightb5,$2a$10$t7Yelc6KO8lOcOQUd1eYDOl/T6LxVPWwee4DlMTSdNOrSo.JZ9cNq,Jamison,Spight,CLIENT
gmcgilbenb6,$2a$10$t7Yelc6KO8lOcOQUd1eYDOl/T6LxVPWwee4DlMTSdNOrSo.JZ9cNq,Gwenette,McGilben,CLIENT
dziemeb7,$2a$10$t7Yelc6KO8lOcOQUd1eYDOl/T6LxVPWwee4DlMTSdNOrSo.JZ9cNq,Dulce,Zieme,CLIENT
hbilbreyb8,$2a$10$t7Yelc6KO8lOcOQUd1eYDOl/T6LxVPWwee4DlMTSdNOrSo.JZ9cNq,Halley,Bilbrey,CLIENT
aashnessb9,$2a$10$t7Yelc6KO8lOcOQUd1eYDOl/T6LxVPWwee4DlMTSdNOrSo.JZ9cNq,Averell,Ashness,CLIENT
oclaphamba,$2a$10$t7Yelc6KO8lOcOQUd1eYDOl/T6LxVPWwee4DlMTSdNOrSo.JZ9cNq,Ogdan,Clapham,CLIENT
mmccuffiebb,$2a$10$t7Yelc6KO8lOcOQUd1eYDOl/T6LxVPWwee4DlMTSdNOrSo.JZ9cNq,Mufi,McCuffie,CLIENT
dwithullbc,$2a$10$t7Yelc6KO8lOcOQUd1eYDOl/T6LxVPWwee4DlMTSdNOrSo.JZ9cNq,Dallas,Withull,CLIENT
llavisbd,$2a$10$t7Yelc6KO8lOcOQUd1eYDOl/T6LxVPWwee4DlMTSdNOrSo.JZ9cNq,Lauritz,Lavis,CLIENT
achenebe,$2a$10$t7Yelc6KO8lOcOQUd1eYDOl/T6LxVPWwee4DlMTSdNOrSo.JZ9cNq,Andriana,Chene,CLIENT
fleffekbf,$2a$10$t7Yelc6KO8lOcOQUd1eYDOl/T6LxVPWwee4DlMTSdNOrSo.JZ9cNq,Fonz,Leffek,CLIENT
jeverleybg,$2a$10$t7Yelc6KO8lOcOQUd1eYDOl/T6LxVPWwee4DlMTSdNOrSo.JZ9cNq,Josselyn,Everley,CLIENT
amccarthybh,$2a$10$t7Yelc6KO8lOcOQUd1eYDOl/T6LxVPWwee4DlMTSdNOrSo.JZ9cNq,Arty,McCarthy,CLIENT
dmurkittbi,$2a$10$t7Yelc6KO8lOcOQUd1eYDOl/T6LxVPWwee4DlMTSdNOrSo.JZ9cNq,Desi,Murkitt,CLIENT
agoodounebj,$2a$10$t7Yelc6KO8lOcOQUd1eYDOl/T6LxVPWwee4DlMTSdNOrSo.JZ9cNq,Amandie,Goodoune,CLIENT
mdavillebk,$2a$10$t7Yelc6KO8lOcOQUd1eYDOl/T6LxVPWwee4DlMTSdNOrSo.JZ9cNq,Margie,Daville,CLIENT
sgrimblebl,$2a$10$t7Yelc6KO8lOcOQUd1eYDOl/T6LxVPWwee4DlMTSdNOrSo.JZ9cNq,Starr,Grimble,CLIENT
jsinkinbm,$2a$10$t7Yelc6KO8lOcOQUd1eYDOl/T6LxVPWwee4DlMTSdNOrSo.JZ9cNq,Jeralee,Sinkin,CLIENT
sglassonbn,$2a$10$t7Yelc6KO8lOcOQUd1eYDOl/T6LxVPWwee4DlMTSdNOrSo.JZ9cNq,Shoshanna,Glasson,CLIENT
vserrurierbo,$2a$10$t7Yelc6KO8lOcOQUd1eYDOl/T6LxVPWwee4DlMTSdNOrSo.JZ9cNq,Vonnie,Serrurier,CLIENT
mtorransbp,$2a$10$t7Yelc6KO8lOcOQUd1eYDOl/T6LxVPWwee4DlMTSdNOrSo.JZ9cNq,Maren,Torrans,CLIENT
cbulgerbq,$2a$10$t7Yelc6KO8lOcOQUd1eYDOl/T6LxVPWwee4DlMTSdNOrSo.JZ9cNq,Caroline,Bulger,CLIENT
gdivinabr,$2a$10$t7Yelc6KO8lOcOQUd1eYDOl/T6LxVPWwee4DlMTSdNOrSo.JZ9cNq,Gabriella,Divina,CLIENT
agaytherbs,$2a$10$t7Yelc6KO8lOcOQUd1eYDOl/T6LxVPWwee4DlMTSdNOrSo.JZ9cNq,Adams,Gayther,CLIENT
cboyetbt,$2a$10$t7Yelc6KO8lOcOQUd1eYDOl/T6LxVPWwee4DlMTSdNOrSo.JZ9cNq,Clementia,Boyet,CLIENT
kchilderhousebu,$2a$10$t7Yelc6KO8lOcOQUd1eYDOl/T6LxVPWwee4DlMTSdNOrSo.JZ9cNq,Karry,Childerhouse,CLIENT
dlabbabv,$2a$10$t7Yelc6KO8lOcOQUd1eYDOl/T6LxVPWwee4DlMTSdNOrSo.JZ9cNq,Dermot,Labba,CLIENT
dpilgrimbw,$2a$10$t7Yelc6KO8lOcOQUd1eYDOl/T6LxVPWwee4DlMTSdNOrSo.JZ9cNq,Dotti,Pilgrim,CLIENT
arouxbx,$2a$10$t7Yelc6KO8lOcOQUd1eYDOl/T6LxVPWwee4DlMTSdNOrSo.JZ9cNq,Antonia,Roux,CLIENT
fnocklesby,$2a$10$t7Yelc6KO8lOcOQUd1eYDOl/T6LxVPWwee4DlMTSdNOrSo.JZ9cNq,Florian,Nockles,CLIENT
ljowlebz,$2a$10$t7Yelc6KO8lOcOQUd1eYDOl/T6LxVPWwee4DlMTSdNOrSo.JZ9cNq,Leda,Jowle,CLIENT
mtoomeyc0,$2a$10$t7Yelc6KO8lOcOQUd1eYDOl/T6LxVPWwee4DlMTSdNOrSo.JZ9cNq,Minnnie,Toomey,CLIENT
cvearncombc1,$2a$10$t7Yelc6KO8lOcOQUd1eYDOl/T6LxVPWwee4DlMTSdNOrSo.JZ9cNq,Cassondra,Vearncomb,CLIENT
ajahanc2,$2a$10$t7Yelc6KO8lOcOQUd1eYDOl/T6LxVPWwee4DlMTSdNOrSo.JZ9cNq,Aubrie,Jahan,CLIENT
nfilgatec3,$2a$10$t7Yelc6KO8lOcOQUd1eYDOl/T6LxVPWwee4DlMTSdNOrSo.JZ9cNq,Norene,Filgate,CLIENT
mstarmorec4,$2a$10$t7Yelc6KO8lOcOQUd1eYDOl/T6LxVPWwee4DlMTSdNOrSo.JZ9cNq,Morie,Starmore,CLIENT
nhatwellsc5,$2a$10$t7Yelc6KO8lOcOQUd1eYDOl/T6LxVPWwee4DlMTSdNOrSo.JZ9cNq,Nicki,Hatwells,CLIENT
hkinnerleyc6,$2a$10$t7Yelc6KO8lOcOQUd1eYDOl/T6LxVPWwee4DlMTSdNOrSo.JZ9cNq,Hartwell,Kinnerley,CLIENT
nbernaldezc7,$2a$10$t7Yelc6KO8lOcOQUd1eYDOl/T6LxVPWwee4DlMTSdNOrSo.JZ9cNq,Nilson,Bernaldez,CLIENT
apyburnc8,$2a$10$t7Yelc6KO8lOcOQUd1eYDOl/T6LxVPWwee4DlMTSdNOrSo.JZ9cNq,Adham,Pyburn,CLIENT
tolorenshawc9,$2a$10$t7Yelc6KO8lOcOQUd1eYDOl/T6LxVPWwee4DlMTSdNOrSo.JZ9cNq,Trixi,Olorenshaw,CLIENT
rvillaltaca,$2a$10$t7Yelc6KO8lOcOQUd1eYDOl/T6LxVPWwee4DlMTSdNOrSo.JZ9cNq,Reggie,Villalta,CLIENT
cjindacekcb,$2a$10$t7Yelc6KO8lOcOQUd1eYDOl/T6LxVPWwee4DlMTSdNOrSo.JZ9cNq,Codie,Jindacek,CLIENT
rgingellcc,$2a$10$t7Yelc6KO8lOcOQUd1eYDOl/T6LxVPWwee4DlMTSdNOrSo.JZ9cNq,Rhiamon,Gingell,CLIENT
goakenfallcd,$2a$10$t7Yelc6KO8lOcOQUd1eYDOl/T6LxVPWwee4DlMTSdNOrSo.JZ9cNq,Ginelle,Oakenfall,CLIENT
bduddince,$2a$10$t7Yelc6KO8lOcOQUd1eYDOl/T6LxVPWwee4DlMTSdNOrSo.JZ9cNq,Bliss,Duddin,CLIENT
kgookcf,$2a$10$t7Yelc6KO8lOcOQUd1eYDOl/T6LxVPWwee4DlMTSdNOrSo.JZ9cNq,Kristopher,Gook,CLIENT
tbowdidgecg,$2a$10$t7Yelc6KO8lOcOQUd1eYDOl/T6LxVPWwee4DlMTSdNOrSo.JZ9cNq,Taffy,Bowdidge,CLIENT
adeyech,$2a$10$t7Yelc6KO8lOcOQUd1eYDOl/T6LxVPWwee4DlMTSdNOrSo.JZ9cNq,Alfonso,d' Eye,CLIENT
sberickci,$2a$10$t7Yelc6KO8lOcOQUd1eYDOl/T6LxVPWwee4DlMTSdNOrSo.JZ9cNq,Sebastiano,Berick,CLIENT
kpopeleycj,$2a$10$t7Yelc6KO8lOcOQUd1eYDOl/T6LxVPWwee4DlMTSdNOrSo.JZ9cNq,Kamillah,Popeley,CLIENT
acastelloneck,$2a$10$t7Yelc6KO8lOcOQUd1eYDOl/T6LxVPWwee4DlMTSdNOrSo.JZ9cNq,Adolf,Castellone,CLIENT
fgreenroydcl,$2a$10$t7Yelc6KO8lOcOQUd1eYDOl/T6LxVPWwee4DlMTSdNOrSo.JZ9cNq,Franny,Greenroyd,CLIENT
etrimmillcm,$2a$10$t7Yelc6KO8lOcOQUd1eYDOl/T6LxVPWwee4DlMTSdNOrSo.JZ9cNq,Errick,Trimmill,CLIENT
mkuzemkacn,$2a$10$t7Yelc6KO8lOcOQUd1eYDOl/T6LxVPWwee4DlMTSdNOrSo.JZ9cNq,Maurits,Kuzemka,CLIENT
fhowshipco,$2a$10$t7Yelc6KO8lOcOQUd1eYDOl/T6LxVPWwee4DlMTSdNOrSo.JZ9cNq,Fanni,Howship,CLIENT
tpruvostcp,$2a$10$t7Yelc6KO8lOcOQUd1eYDOl/T6LxVPWwee4DlMTSdNOrSo.JZ9cNq,Taylor,Pruvost,CLIENT
afranccq,$2a$10$t7Yelc6KO8lOcOQUd1eYDOl/T6LxVPWwee4DlMTSdNOrSo.JZ9cNq,Angie,Franc,CLIENT
drozecr,$2a$10$t7Yelc6KO8lOcOQUd1eYDOl/T6LxVPWwee4DlMTSdNOrSo.JZ9cNq,Daryl,Roze,CLIENT
nbarenscs,$2a$10$t7Yelc6KO8lOcOQUd1eYDOl/T6LxVPWwee4DlMTSdNOrSo.JZ9cNq,Nolie,Barens,CLIENT
masaafct,$2a$10$t7Yelc6KO8lOcOQUd1eYDOl/T6LxVPWwee4DlMTSdNOrSo.JZ9cNq,Malina,Asaaf,CLIENT
jyukhninicu,$2a$10$t7Yelc6KO8lOcOQUd1eYDOl/T6LxVPWwee4DlMTSdNOrSo.JZ9cNq,Jake,Yukhnini,CLIENT
jhartopcv,$2a$10$t7Yelc6KO8lOcOQUd1eYDOl/T6LxVPWwee4DlMTSdNOrSo.JZ9cNq,Jonis,Hartop,CLIENT
btappincw,$2a$10$t7Yelc6KO8lOcOQUd1eYDOl/T6LxVPWwee4DlMTSdNOrSo.JZ9cNq,Boy,Tappin,CLIENT
gstarkeycx,$2a$10$t7Yelc6KO8lOcOQUd1eYDOl/T6LxVPWwee4DlMTSdNOrSo.JZ9cNq,Gris,Starkey,CLIENT
sdollency,$2a$10$t7Yelc6KO8lOcOQUd1eYDOl/T6LxVPWwee4DlMTSdNOrSo.JZ9cNq,Sidonia,Dollen,CLIENT
ghowlincz,$2a$10$t7Yelc6KO8lOcOQUd1eYDOl/T6LxVPWwee4DlMTSdNOrSo.JZ9cNq,Gregor,Howlin,CLIENT
elafontained0,$2a$10$t7Yelc6KO8lOcOQUd1eYDOl/T6LxVPWwee4DlMTSdNOrSo.JZ9cNq,Evey,Lafontaine,CLIENT
apavlitschekd1,$2a$10$t7Yelc6KO8lOcOQUd1eYDOl/T6LxVPWwee4DlMTSdNOrSo.JZ9cNq,Arie,Pavlitschek,CLIENT
ndoagd2,$2a$10$t7Yelc6KO8lOcOQUd1eYDOl/T6LxVPWwee4DlMTSdNOrSo.JZ9cNq,Nanette,Doag,CLIENT
zpollend3,$2a$10$t7Yelc6KO8lOcOQUd1eYDOl/T6LxVPWwee4DlMTSdNOrSo.JZ9cNq,Zebedee,Pollen,CLIENT
ccleimentd4,$2a$10$t7Yelc6KO8lOcOQUd1eYDOl/T6LxVPWwee4DlMTSdNOrSo.JZ9cNq,Clayson,Cleiment,CLIENT
kodohertyd5,$2a$10$t7Yelc6KO8lOcOQUd1eYDOl/T6LxVPWwee4DlMTSdNOrSo.JZ9cNq,Kalindi,O'Doherty,CLIENT
mschultesd6,$2a$10$t7Yelc6KO8lOcOQUd1eYDOl/T6LxVPWwee4DlMTSdNOrSo.JZ9cNq,Marlo,Schultes,CLIENT
achastaingd7,$2a$10$t7Yelc6KO8lOcOQUd1eYDOl/T6LxVPWwee4DlMTSdNOrSo.JZ9cNq,Abbye,Chastaing,CLIENT
rmurisd8,$2a$10$t7Yelc6KO8lOcOQUd1eYDOl/T6LxVPWwee4DlMTSdNOrSo.JZ9cNq,Rona,Muris,CLIENT
mcottond9,$2a$10$t7Yelc6KO8lOcOQUd1eYDOl/T6LxVPWwee4DlMTSdNOrSo.JZ9cNq,Marylee,Cotton,CLIENT
mgonnetda,$2a$10$t7Yelc6KO8lOcOQUd1eYDOl/T6LxVPWwee4DlMTSdNOrSo.JZ9cNq,Massimo,Gonnet,CLIENT
pvakhrushindb,$2a$10$t7Yelc6KO8lOcOQUd1eYDOl/T6LxVPWwee4DlMTSdNOrSo.JZ9cNq,Penni,Vakhrushin,CLIENT
kfishdc,$2a$10$t7Yelc6KO8lOcOQUd1eYDOl/T6LxVPWwee4DlMTSdNOrSo.JZ9cNq,Kelila,Fish,CLIENT
mschlaghdd,$2a$10$t7Yelc6KO8lOcOQUd1eYDOl/T6LxVPWwee4DlMTSdNOrSo.JZ9cNq,Minne,Schlagh,CLIENT
scartmalede,$2a$10$t7Yelc6KO8lOcOQUd1eYDOl/T6LxVPWwee4DlMTSdNOrSo.JZ9cNq,Steffi,Cartmale,CLIENT
cibbotsondf,$2a$10$t7Yelc6KO8lOcOQUd1eYDOl/T6LxVPWwee4DlMTSdNOrSo.JZ9cNq,Chad,Ibbotson,CLIENT
ewardingtondg,$2a$10$t7Yelc6KO8lOcOQUd1eYDOl/T6LxVPWwee4DlMTSdNOrSo.JZ9cNq,Evy,Wardington,CLIENT
aternedh,$2a$10$t7Yelc6KO8lOcOQUd1eYDOl/T6LxVPWwee4DlMTSdNOrSo.JZ9cNq,Ailsun,Terne,CLIENT
rmacgilmartindi,$2a$10$t7Yelc6KO8lOcOQUd1eYDOl/T6LxVPWwee4DlMTSdNOrSo.JZ9cNq,Rollie,MacGilmartin,CLIENT
mhalliwelldj,$2a$10$t7Yelc6KO8lOcOQUd1eYDOl/T6LxVPWwee4DlMTSdNOrSo.JZ9cNq,Mattias,Halliwell,CLIENT
frobetdk,$2a$10$t7Yelc6KO8lOcOQUd1eYDOl/T6LxVPWwee4DlMTSdNOrSo.JZ9cNq,Fulton,Robet,CLIENT
chowisondl,$2a$10$t7Yelc6KO8lOcOQUd1eYDOl/T6LxVPWwee4DlMTSdNOrSo.JZ9cNq,Cobbie,Howison,CLIENT
dchisholmdm,$2a$10$t7Yelc6KO8lOcOQUd1eYDOl/T6LxVPWwee4DlMTSdNOrSo.JZ9cNq,Danni,Chisholm,CLIENT
jdomicandn,$2a$10$t7Yelc6KO8lOcOQUd1eYDOl/T6LxVPWwee4DlMTSdNOrSo.JZ9cNq,Jackqueline,Domican,CLIENT
bthurgooddo,$2a$10$t7Yelc6KO8lOcOQUd1eYDOl/T6LxVPWwee4DlMTSdNOrSo.JZ9cNq,Bella,Thurgood,CLIENT
dfootedp,$2a$10$t7Yelc6KO8lOcOQUd1eYDOl/T6LxVPWwee4DlMTSdNOrSo.JZ9cNq,Dulci,Foote,CLIENT
kfogtdq,$2a$10$t7Yelc6KO8lOcOQUd1eYDOl/T6LxVPWwee4DlMTSdNOrSo.JZ9cNq,Kev,Fogt,CLIENT
jwidmoredr,$2a$10$t7Yelc6KO8lOcOQUd1eYDOl/T6LxVPWwee4DlMTSdNOrSo.JZ9cNq,Jeffie,Widmore,CLIENT
epapacciods,$2a$10$t7Yelc6KO8lOcOQUd1eYDOl/T6LxVPWwee4DlMTSdNOrSo.JZ9cNq,Evanne,Papaccio,CLIENT
karkledt,$2a$10$t7Yelc6KO8lOcOQUd1eYDOl/T6LxVPWwee4DlMTSdNOrSo.JZ9cNq,Kaye,Arkle,CLIENT
tattridgedu,$2a$10$t7Yelc6KO8lOcOQUd1eYDOl/T6LxVPWwee4DlMTSdNOrSo.JZ9cNq,Thedrick,Attridge,CLIENT
fbarkawaydv,$2a$10$t7Yelc6KO8lOcOQUd1eYDOl/T6LxVPWwee4DlMTSdNOrSo.JZ9cNq,Felipa,Barkaway,CLIENT
rmcgrorydw,$2a$10$t7Yelc6KO8lOcOQUd1eYDOl/T6LxVPWwee4DlMTSdNOrSo.JZ9cNq,Rana,McGrory,CLIENT
bcolquytedx,$2a$10$t7Yelc6KO8lOcOQUd1eYDOl/T6LxVPWwee4DlMTSdNOrSo.JZ9cNq,Ban,Colquyte,CLIENT
rjaysdy,$2a$10$t7Yelc6KO8lOcOQUd1eYDOl/T6LxVPWwee4DlMTSdNOrSo.JZ9cNq,Redford,Jays,CLIENT
sdesimonedz,$2a$10$t7Yelc6KO8lOcOQUd1eYDOl/T6LxVPWwee4DlMTSdNOrSo.JZ9cNq,Sheffield,De Simone,CLIENT
sclearleye0,$2a$10$t7Yelc6KO8lOcOQUd1eYDOl/T6LxVPWwee4DlMTSdNOrSo.JZ9cNq,Shem,Clearley,CLIENT
ufranceye1,$2a$10$t7Yelc6KO8lOcOQUd1eYDOl/T6LxVPWwee4DlMTSdNOrSo.JZ9cNq,Uta,Francey,CLIENT
psouthertone2,$2a$10$t7Yelc6KO8lOcOQUd1eYDOl/T6LxVPWwee4DlMTSdNOrSo.JZ9cNq,Pryce,Southerton,CLIENT
tclampine3,$2a$10$t7Yelc6KO8lOcOQUd1eYDOl/T6LxVPWwee4DlMTSdNOrSo.JZ9cNq,Tiebold,Clampin,CLIENT
sperlee4,$2a$10$t7Yelc6KO8lOcOQUd1eYDOl/T6LxVPWwee4DlMTSdNOrSo.JZ9cNq,Sibyl,Perle,CLIENT
aklagemane5,$2a$10$t7Yelc6KO8lOcOQUd1eYDOl/T6LxVPWwee4DlMTSdNOrSo.JZ9cNq,Andras,Klageman,CLIENT
bcamplinge6,$2a$10$t7Yelc6KO8lOcOQUd1eYDOl/T6LxVPWwee4DlMTSdNOrSo.JZ9cNq,Barby,Campling,CLIENT
utumee7,$2a$10$t7Yelc6KO8lOcOQUd1eYDOl/T6LxVPWwee4DlMTSdNOrSo.JZ9cNq,Uri,Tume,CLIENT
smaccoveneye8,$2a$10$t7Yelc6KO8lOcOQUd1eYDOl/T6LxVPWwee4DlMTSdNOrSo.JZ9cNq,Spike,MacCoveney,CLIENT
ccinavase9,$2a$10$t7Yelc6KO8lOcOQUd1eYDOl/T6LxVPWwee4DlMTSdNOrSo.JZ9cNq,Constantina,Cinavas,CLIENT
vkettowea,$2a$10$t7Yelc6KO8lOcOQUd1eYDOl/T6LxVPWwee4DlMTSdNOrSo.JZ9cNq,Virge,Kettow,CLIENT
tfaggeeb,$2a$10$t7Yelc6KO8lOcOQUd1eYDOl/T6LxVPWwee4DlMTSdNOrSo.JZ9cNq,Tristam,Fagge,CLIENT
aclemencetec,$2a$10$t7Yelc6KO8lOcOQUd1eYDOl/T6LxVPWwee4DlMTSdNOrSo.JZ9cNq,Alida,Clemencet,CLIENT
slewtoned,$2a$10$t7Yelc6KO8lOcOQUd1eYDOl/T6LxVPWwee4DlMTSdNOrSo.JZ9cNq,Simone,Lewton,CLIENT
rspellardee,$2a$10$t7Yelc6KO8lOcOQUd1eYDOl/T6LxVPWwee4DlMTSdNOrSo.JZ9cNq,Roderick,Spellard,CLIENT
cstangeef,$2a$10$t7Yelc6KO8lOcOQUd1eYDOl/T6LxVPWwee4DlMTSdNOrSo.JZ9cNq,Carlota,St Ange,CLIENT
alovekineg,$2a$10$t7Yelc6KO8lOcOQUd1eYDOl/T6LxVPWwee4DlMTSdNOrSo.JZ9cNq,Arline,Lovekin,CLIENT
lstormeh,$2a$10$t7Yelc6KO8lOcOQUd1eYDOl/T6LxVPWwee4DlMTSdNOrSo.JZ9cNq,Lucilia,Storm,CLIENT
aperegrineei,$2a$10$t7Yelc6KO8lOcOQUd1eYDOl/T6LxVPWwee4DlMTSdNOrSo.JZ9cNq,Ansell,Peregrine,CLIENT
livanyushkinej,$2a$10$t7Yelc6KO8lOcOQUd1eYDOl/T6LxVPWwee4DlMTSdNOrSo.JZ9cNq,Leonie,Ivanyushkin,CLIENT
lnestorek,$2a$10$t7Yelc6KO8lOcOQUd1eYDOl/T6LxVPWwee4DlMTSdNOrSo.JZ9cNq,Livvie,Nestor,CLIENT
jshowlerel,$2a$10$t7Yelc6KO8lOcOQUd1eYDOl/T6LxVPWwee4DlMTSdNOrSo.JZ9cNq,Jacklyn,Showler,CLIENT
mrubinshteinem,$2a$10$t7Yelc6KO8lOcOQUd1eYDOl/T6LxVPWwee4DlMTSdNOrSo.JZ9cNq,Myca,Rubinshtein,CLIENT
hlawforden,$2a$10$t7Yelc6KO8lOcOQUd1eYDOl/T6LxVPWwee4DlMTSdNOrSo.JZ9cNq,Hewet,Lawford,CLIENT
sfaddeneo,$2a$10$t7Yelc6KO8lOcOQUd1eYDOl/T6LxVPWwee4DlMTSdNOrSo.JZ9cNq,Sabina,Fadden,CLIENT
fcrossfeldep,$2a$10$t7Yelc6KO8lOcOQUd1eYDOl/T6LxVPWwee4DlMTSdNOrSo.JZ9cNq,Franny,Crossfeld,CLIENT
wfouldeseq,$2a$10$t7Yelc6KO8lOcOQUd1eYDOl/T6LxVPWwee4DlMTSdNOrSo.JZ9cNq,Whitby,Fouldes,CLIENT
esambidgeer,$2a$10$t7Yelc6KO8lOcOQUd1eYDOl/T6LxVPWwee4DlMTSdNOrSo.JZ9cNq,Edgard,Sambidge,CLIENT
agregorees,$2a$10$t7Yelc6KO8lOcOQUd1eYDOl/T6LxVPWwee4DlMTSdNOrSo.JZ9cNq,Arnuad,Gregore,CLIENT
edixet,$2a$10$t7Yelc6KO8lOcOQUd1eYDOl/T6LxVPWwee4DlMTSdNOrSo.JZ9cNq,Earle,Dix,CLIENT
kraineu,$2a$10$t7Yelc6KO8lOcOQUd1eYDOl/T6LxVPWwee4DlMTSdNOrSo.JZ9cNq,Kessia,Rain,CLIENT
squiddintonev,$2a$10$t7Yelc6KO8lOcOQUd1eYDOl/T6LxVPWwee4DlMTSdNOrSo.JZ9cNq,Suzi,Quiddinton,CLIENT
cliddellew,$2a$10$t7Yelc6KO8lOcOQUd1eYDOl/T6LxVPWwee4DlMTSdNOrSo.JZ9cNq,Currie,Liddell,CLIENT
lminchellaex,$2a$10$t7Yelc6KO8lOcOQUd1eYDOl/T6LxVPWwee4DlMTSdNOrSo.JZ9cNq,Lindy,Minchella,CLIENT
ccordeney,$2a$10$t7Yelc6KO8lOcOQUd1eYDOl/T6LxVPWwee4DlMTSdNOrSo.JZ9cNq,Creigh,Corden,CLIENT
bmetzkeez,$2a$10$t7Yelc6KO8lOcOQUd1eYDOl/T6LxVPWwee4DlMTSdNOrSo.JZ9cNq,Bessy,Metzke,CLIENT
csebrookf0,$2a$10$t7Yelc6KO8lOcOQUd1eYDOl/T6LxVPWwee4DlMTSdNOrSo.JZ9cNq,Craggie,Sebrook,CLIENT
btoddf1,$2a$10$t7Yelc6KO8lOcOQUd1eYDOl/T6LxVPWwee4DlMTSdNOrSo.JZ9cNq,Britt,Todd,CLIENT
dwinramf2,$2a$10$t7Yelc6KO8lOcOQUd1eYDOl/T6LxVPWwee4DlMTSdNOrSo.JZ9cNq,Davin,Winram,CLIENT
mlavillef3,$2a$10$t7Yelc6KO8lOcOQUd1eYDOl/T6LxVPWwee4DlMTSdNOrSo.JZ9cNq,Mala,Laville,CLIENT
kgraberf4,$2a$10$t7Yelc6KO8lOcOQUd1eYDOl/T6LxVPWwee4DlMTSdNOrSo.JZ9cNq,Kennett,Graber,CLIENT
eduberyf5,$2a$10$t7Yelc6KO8lOcOQUd1eYDOl/T6LxVPWwee4DlMTSdNOrSo.JZ9cNq,Eduino,Dubery,CLIENT
dflowerdewf6,$2a$10$t7Yelc6KO8lOcOQUd1eYDOl/T6LxVPWwee4DlMTSdNOrSo.JZ9cNq,Daisie,Flowerdew,CLIENT
aparrottf7,$2a$10$t7Yelc6KO8lOcOQUd1eYDOl/T6LxVPWwee4DlMTSdNOrSo.JZ9cNq,Arlan,Parrott,CLIENT
fgranvillef8,$2a$10$t7Yelc6KO8lOcOQUd1eYDOl/T6LxVPWwee4DlMTSdNOrSo.JZ9cNq,Fara,Granville,CLIENT
aportmanf9,$2a$10$t7Yelc6KO8lOcOQUd1eYDOl/T6LxVPWwee4DlMTSdNOrSo.JZ9cNq,Abram,Portman,CLIENT
iwhathamfa,$2a$10$t7Yelc6KO8lOcOQUd1eYDOl/T6LxVPWwee4DlMTSdNOrSo.JZ9cNq,Ingrim,Whatham,CLIENT
cpolonfb,$2a$10$t7Yelc6KO8lOcOQUd1eYDOl/T6LxVPWwee4DlMTSdNOrSo.JZ9cNq,Clemente,Polon,CLIENT
bkezorfc,$2a$10$t7Yelc6KO8lOcOQUd1eYDOl/T6LxVPWwee4DlMTSdNOrSo.JZ9cNq,Beverly,Kezor,CLIENT
groubayfd,$2a$10$t7Yelc6KO8lOcOQUd1eYDOl/T6LxVPWwee4DlMTSdNOrSo.JZ9cNq,Gerik,Roubay,CLIENT
mborrowfe,$2a$10$t7Yelc6KO8lOcOQUd1eYDOl/T6LxVPWwee4DlMTSdNOrSo.JZ9cNq,Myrtia,Borrow,CLIENT
bfolkerff,$2a$10$t7Yelc6KO8lOcOQUd1eYDOl/T6LxVPWwee4DlMTSdNOrSo.JZ9cNq,Burg,Folker,CLIENT
gforsbeyfg,$2a$10$t7Yelc6KO8lOcOQUd1eYDOl/T6LxVPWwee4DlMTSdNOrSo.JZ9cNq,Glenn,Forsbey,CLIENT
jolunneyfh,$2a$10$t7Yelc6KO8lOcOQUd1eYDOl/T6LxVPWwee4DlMTSdNOrSo.JZ9cNq,Jerrie,O'Lunney,CLIENT
tpetroufi,$2a$10$t7Yelc6KO8lOcOQUd1eYDOl/T6LxVPWwee4DlMTSdNOrSo.JZ9cNq,Timmy,Petrou,CLIENT
tleipnikfj,$2a$10$t7Yelc6KO8lOcOQUd1eYDOl/T6LxVPWwee4DlMTSdNOrSo.JZ9cNq,Terencio,Leipnik,CLIENT
gcrothersfk,$2a$10$t7Yelc6KO8lOcOQUd1eYDOl/T6LxVPWwee4DlMTSdNOrSo.JZ9cNq,Goldi,Crothers,CLIENT
tmeekefl,$2a$10$t7Yelc6KO8lOcOQUd1eYDOl/T6LxVPWwee4DlMTSdNOrSo.JZ9cNq,Tucker,Meeke,CLIENT
gtiffinfm,$2a$10$t7Yelc6KO8lOcOQUd1eYDOl/T6LxVPWwee4DlMTSdNOrSo.JZ9cNq,Grayce,Tiffin,CLIENT
pivanchenkovfn,$2a$10$t7Yelc6KO8lOcOQUd1eYDOl/T6LxVPWwee4DlMTSdNOrSo.JZ9cNq,Pietro,Ivanchenkov,CLIENT
gmozzettifo,$2a$10$t7Yelc6KO8lOcOQUd1eYDOl/T6LxVPWwee4DlMTSdNOrSo.JZ9cNq,Grete,Mozzetti,CLIENT
jivisonfp,$2a$10$t7Yelc6KO8lOcOQUd1eYDOl/T6LxVPWwee4DlMTSdNOrSo.JZ9cNq,Julie,Ivison,CLIENT
nfranchionifq,$2a$10$t7Yelc6KO8lOcOQUd1eYDOl/T6LxVPWwee4DlMTSdNOrSo.JZ9cNq,Nanine,Franchioni,CLIENT
bgirardettifr,$2a$10$t7Yelc6KO8lOcOQUd1eYDOl/T6LxVPWwee4DlMTSdNOrSo.JZ9cNq,Betsey,Girardetti,CLIENT
cridgleyfs,$2a$10$t7Yelc6KO8lOcOQUd1eYDOl/T6LxVPWwee4DlMTSdNOrSo.JZ9cNq,Corbett,Ridgley,CLIENT
pdenyerft,$2a$10$t7Yelc6KO8lOcOQUd1eYDOl/T6LxVPWwee4DlMTSdNOrSo.JZ9cNq,Peggi,Denyer,CLIENT
craddishfu,$2a$10$t7Yelc6KO8lOcOQUd1eYDOl/T6LxVPWwee4DlMTSdNOrSo.JZ9cNq,Crystal,Raddish,CLIENT
nbraksperfv,$2a$10$t7Yelc6KO8lOcOQUd1eYDOl/T6LxVPWwee4DlMTSdNOrSo.JZ9cNq,Nevins,Braksper,CLIENT
mpasleyfw,$2a$10$t7Yelc6KO8lOcOQUd1eYDOl/T6LxVPWwee4DlMTSdNOrSo.JZ9cNq,Marwin,Pasley,CLIENT
bbrumfx,$2a$10$t7Yelc6KO8lOcOQUd1eYDOl/T6LxVPWwee4DlMTSdNOrSo.JZ9cNq,Bobbee,Brum,CLIENT
yplewrightfy,$2a$10$t7Yelc6KO8lOcOQUd1eYDOl/T6LxVPWwee4DlMTSdNOrSo.JZ9cNq,Yetty,Plewright,CLIENT
qhyslopfz,$2a$10$t7Yelc6KO8lOcOQUd1eYDOl/T6LxVPWwee4DlMTSdNOrSo.JZ9cNq,Queenie,Hyslop,CLIENT
sthorpg0,$2a$10$t7Yelc6KO8lOcOQUd1eYDOl/T6LxVPWwee4DlMTSdNOrSo.JZ9cNq,Seka,Thorp,CLIENT
dphilliphsg1,$2a$10$t7Yelc6KO8lOcOQUd1eYDOl/T6LxVPWwee4DlMTSdNOrSo.JZ9cNq,Delcina,Philliphs,CLIENT
gderingg2,$2a$10$t7Yelc6KO8lOcOQUd1eYDOl/T6LxVPWwee4DlMTSdNOrSo.JZ9cNq,Gilberto,Dering,CLIENT
rcowapg3,$2a$10$t7Yelc6KO8lOcOQUd1eYDOl/T6LxVPWwee4DlMTSdNOrSo.JZ9cNq,Rhona,Cowap,CLIENT
isherebrookg4,$2a$10$t7Yelc6KO8lOcOQUd1eYDOl/T6LxVPWwee4DlMTSdNOrSo.JZ9cNq,Iggie,Sherebrook,CLIENT
hpettendrichg5,$2a$10$t7Yelc6KO8lOcOQUd1eYDOl/T6LxVPWwee4DlMTSdNOrSo.JZ9cNq,Horten,Pettendrich,CLIENT
aklementzg6,$2a$10$t7Yelc6KO8lOcOQUd1eYDOl/T6LxVPWwee4DlMTSdNOrSo.JZ9cNq,Aggy,Klementz,CLIENT
tbiggerdikeg7,$2a$10$t7Yelc6KO8lOcOQUd1eYDOl/T6LxVPWwee4DlMTSdNOrSo.JZ9cNq,Teresina,Biggerdike,CLIENT
mbittlestoneg8,$2a$10$t7Yelc6KO8lOcOQUd1eYDOl/T6LxVPWwee4DlMTSdNOrSo.JZ9cNq,Minerva,Bittlestone,CLIENT
tpriestmang9,$2a$10$t7Yelc6KO8lOcOQUd1eYDOl/T6LxVPWwee4DlMTSdNOrSo.JZ9cNq,Timi,Priestman,CLIENT
hsmythinga,$2a$10$t7Yelc6KO8lOcOQUd1eYDOl/T6LxVPWwee4DlMTSdNOrSo.JZ9cNq,Hamilton,Smythin,CLIENT
eyanukhingb,$2a$10$t7Yelc6KO8lOcOQUd1eYDOl/T6LxVPWwee4DlMTSdNOrSo.JZ9cNq,Elisabeth,Yanukhin,CLIENT
rfolbiggc,$2a$10$t7Yelc6KO8lOcOQUd1eYDOl/T6LxVPWwee4DlMTSdNOrSo.JZ9cNq,Roldan,Folbig,CLIENT
slargentgd,$2a$10$t7Yelc6KO8lOcOQUd1eYDOl/T6LxVPWwee4DlMTSdNOrSo.JZ9cNq,Say,Largent,CLIENT
wpollicotege,$2a$10$t7Yelc6KO8lOcOQUd1eYDOl/T6LxVPWwee4DlMTSdNOrSo.JZ9cNq,Willi,Pollicote,CLIENT
dfairweathergf,$2a$10$t7Yelc6KO8lOcOQUd1eYDOl/T6LxVPWwee4DlMTSdNOrSo.JZ9cNq,Delora,Fairweather,CLIENT
amourtongg,$2a$10$t7Yelc6KO8lOcOQUd1eYDOl/T6LxVPWwee4DlMTSdNOrSo.JZ9cNq,Arie,Mourton,CLIENT
sfellsgh,$2a$10$t7Yelc6KO8lOcOQUd1eYDOl/T6LxVPWwee4DlMTSdNOrSo.JZ9cNq,Shay,Fells,CLIENT
smcallengi,$2a$10$t7Yelc6KO8lOcOQUd1eYDOl/T6LxVPWwee4DlMTSdNOrSo.JZ9cNq,Somerset,McAllen,CLIENT
hhanhardtgj,$2a$10$t7Yelc6KO8lOcOQUd1eYDOl/T6LxVPWwee4DlMTSdNOrSo.JZ9cNq,Hubert,Hanhardt,CLIENT
bwylltgk,$2a$10$t7Yelc6KO8lOcOQUd1eYDOl/T6LxVPWwee4DlMTSdNOrSo.JZ9cNq,Brigida,Wyllt,CLIENT
fswanborrowgl,$2a$10$t7Yelc6KO8lOcOQUd1eYDOl/T6LxVPWwee4DlMTSdNOrSo.JZ9cNq,Frederique,Swanborrow,CLIENT
fmossopgm,$2a$10$t7Yelc6KO8lOcOQUd1eYDOl/T6LxVPWwee4DlMTSdNOrSo.JZ9cNq,Fayina,Mossop,CLIENT
oprobbinggn,$2a$10$t7Yelc6KO8lOcOQUd1eYDOl/T6LxVPWwee4DlMTSdNOrSo.JZ9cNq,Odelinda,Probbing,CLIENT
jderuggerogo,$2a$10$t7Yelc6KO8lOcOQUd1eYDOl/T6LxVPWwee4DlMTSdNOrSo.JZ9cNq,Jesus,De Ruggero,CLIENT
hbowtongp,$2a$10$t7Yelc6KO8lOcOQUd1eYDOl/T6LxVPWwee4DlMTSdNOrSo.JZ9cNq,Hendrik,Bowton,CLIENT
hrickerbygq,$2a$10$t7Yelc6KO8lOcOQUd1eYDOl/T6LxVPWwee4DlMTSdNOrSo.JZ9cNq,Horace,Rickerby,CLIENT
wmoormangr,$2a$10$t7Yelc6KO8lOcOQUd1eYDOl/T6LxVPWwee4DlMTSdNOrSo.JZ9cNq,Worth,Moorman,CLIENT
tblasgs,$2a$10$t7Yelc6KO8lOcOQUd1eYDOl/T6LxVPWwee4DlMTSdNOrSo.JZ9cNq,Talbot,Blas,CLIENT
dblanketgt,$2a$10$t7Yelc6KO8lOcOQUd1eYDOl/T6LxVPWwee4DlMTSdNOrSo.JZ9cNq,Daphna,Blanket,CLIENT
sdampgu,$2a$10$t7Yelc6KO8lOcOQUd1eYDOl/T6LxVPWwee4DlMTSdNOrSo.JZ9cNq,Sandie,Damp,CLIENT
kosesnanegv,$2a$10$t7Yelc6KO8lOcOQUd1eYDOl/T6LxVPWwee4DlMTSdNOrSo.JZ9cNq,Karel,O'Sesnane,CLIENT
dlabbezgw,$2a$10$t7Yelc6KO8lOcOQUd1eYDOl/T6LxVPWwee4DlMTSdNOrSo.JZ9cNq,Dolly,Labbez,CLIENT
bcarayolgx,$2a$10$t7Yelc6KO8lOcOQUd1eYDOl/T6LxVPWwee4DlMTSdNOrSo.JZ9cNq,Babara,Carayol,CLIENT
ghallawellgy,$2a$10$t7Yelc6KO8lOcOQUd1eYDOl/T6LxVPWwee4DlMTSdNOrSo.JZ9cNq,Glory,Hallawell,CLIENT
dlamberteschigz,$2a$10$t7Yelc6KO8lOcOQUd1eYDOl/T6LxVPWwee4DlMTSdNOrSo.JZ9cNq,Domini,Lamberteschi,CLIENT
cseyfferth0,$2a$10$t7Yelc6KO8lOcOQUd1eYDOl/T6LxVPWwee4DlMTSdNOrSo.JZ9cNq,Cordy,Seyffert,CLIENT
cdodingh1,$2a$10$t7Yelc6KO8lOcOQUd1eYDOl/T6LxVPWwee4DlMTSdNOrSo.JZ9cNq,Caspar,Doding,CLIENT
vgarnsworthh2,$2a$10$t7Yelc6KO8lOcOQUd1eYDOl/T6LxVPWwee4DlMTSdNOrSo.JZ9cNq,Valeda,Garnsworth,CLIENT
jsmailsh3,$2a$10$t7Yelc6KO8lOcOQUd1eYDOl/T6LxVPWwee4DlMTSdNOrSo.JZ9cNq,Joanne,Smails,CLIENT
jbortoluttih4,$2a$10$t7Yelc6KO8lOcOQUd1eYDOl/T6LxVPWwee4DlMTSdNOrSo.JZ9cNq,Jeffie,Bortolutti,CLIENT
tjurczykh5,$2a$10$t7Yelc6KO8lOcOQUd1eYDOl/T6LxVPWwee4DlMTSdNOrSo.JZ9cNq,Terri,Jurczyk,CLIENT
hpowlesh6,$2a$10$t7Yelc6KO8lOcOQUd1eYDOl/T6LxVPWwee4DlMTSdNOrSo.JZ9cNq,Hall,Powles,CLIENT
sclausenthueh7,$2a$10$t7Yelc6KO8lOcOQUd1eYDOl/T6LxVPWwee4DlMTSdNOrSo.JZ9cNq,Shelley,Clausen-Thue,CLIENT
jsibbith8,$2a$10$t7Yelc6KO8lOcOQUd1eYDOl/T6LxVPWwee4DlMTSdNOrSo.JZ9cNq,Jessica,Sibbit,CLIENT
mkeneleysideh9,$2a$10$t7Yelc6KO8lOcOQUd1eYDOl/T6LxVPWwee4DlMTSdNOrSo.JZ9cNq,Myca,Keneleyside,CLIENT
wkarlicekha,$2a$10$t7Yelc6KO8lOcOQUd1eYDOl/T6LxVPWwee4DlMTSdNOrSo.JZ9cNq,Westleigh,Karlicek,CLIENT
rparkinhb,$2a$10$t7Yelc6KO8lOcOQUd1eYDOl/T6LxVPWwee4DlMTSdNOrSo.JZ9cNq,Robbyn,Parkin,CLIENT
kfassamhc,$2a$10$t7Yelc6KO8lOcOQUd1eYDOl/T6LxVPWwee4DlMTSdNOrSo.JZ9cNq,Kayne,Fassam,CLIENT
cpeasemanhd,$2a$10$t7Yelc6KO8lOcOQUd1eYDOl/T6LxVPWwee4DlMTSdNOrSo.JZ9cNq,Carver,Peaseman,CLIENT
nkiddlehe,$2a$10$t7Yelc6KO8lOcOQUd1eYDOl/T6LxVPWwee4DlMTSdNOrSo.JZ9cNq,Nanine,Kiddle,CLIENT
rrazzellhf,$2a$10$t7Yelc6KO8lOcOQUd1eYDOl/T6LxVPWwee4DlMTSdNOrSo.JZ9cNq,Rayner,Razzell,CLIENT
bcoreyhg,$2a$10$t7Yelc6KO8lOcOQUd1eYDOl/T6LxVPWwee4DlMTSdNOrSo.JZ9cNq,Barrett,Corey,CLIENT
bmatyuginhh,$2a$10$t7Yelc6KO8lOcOQUd1eYDOl/T6LxVPWwee4DlMTSdNOrSo.JZ9cNq,Barbra,Matyugin,CLIENT
esheircliffehi,$2a$10$t7Yelc6KO8lOcOQUd1eYDOl/T6LxVPWwee4DlMTSdNOrSo.JZ9cNq,Erin,Sheircliffe,CLIENT
clindseyhj,$2a$10$t7Yelc6KO8lOcOQUd1eYDOl/T6LxVPWwee4DlMTSdNOrSo.JZ9cNq,Connor,Lindsey,CLIENT
lironsidehk,$2a$10$t7Yelc6KO8lOcOQUd1eYDOl/T6LxVPWwee4DlMTSdNOrSo.JZ9cNq,Louise,Ironside,CLIENT
diblehl,$2a$10$t7Yelc6KO8lOcOQUd1eYDOl/T6LxVPWwee4DlMTSdNOrSo.JZ9cNq,Delcina,Ible,CLIENT
dboarderhm,$2a$10$t7Yelc6KO8lOcOQUd1eYDOl/T6LxVPWwee4DlMTSdNOrSo.JZ9cNq,Dorie,Boarder,CLIENT
hhiggonethn,$2a$10$t7Yelc6KO8lOcOQUd1eYDOl/T6LxVPWwee4DlMTSdNOrSo.JZ9cNq,Hersch,Higgonet,CLIENT
rpetschelho,$2a$10$t7Yelc6KO8lOcOQUd1eYDOl/T6LxVPWwee4DlMTSdNOrSo.JZ9cNq,Rodney,Petschel,CLIENT
jbrooksbyhp,$2a$10$t7Yelc6KO8lOcOQUd1eYDOl/T6LxVPWwee4DlMTSdNOrSo.JZ9cNq,Jone,Brooksby,CLIENT
mfulophq,$2a$10$t7Yelc6KO8lOcOQUd1eYDOl/T6LxVPWwee4DlMTSdNOrSo.JZ9cNq,Marijo,Fulop,CLIENT
dhanwrighthr,$2a$10$t7Yelc6KO8lOcOQUd1eYDOl/T6LxVPWwee4DlMTSdNOrSo.JZ9cNq,Doralynn,Hanwright,CLIENT
bnearyhs,$2a$10$t7Yelc6KO8lOcOQUd1eYDOl/T6LxVPWwee4DlMTSdNOrSo.JZ9cNq,Burtie,Neary,CLIENT
cwaistallht,$2a$10$t7Yelc6KO8lOcOQUd1eYDOl/T6LxVPWwee4DlMTSdNOrSo.JZ9cNq,Constancy,Waistall,CLIENT
jkinighu,$2a$10$t7Yelc6KO8lOcOQUd1eYDOl/T6LxVPWwee4DlMTSdNOrSo.JZ9cNq,Jordanna,Kinig,CLIENT
thamorhv,$2a$10$t7Yelc6KO8lOcOQUd1eYDOl/T6LxVPWwee4DlMTSdNOrSo.JZ9cNq,Tanya,Hamor,CLIENT
lseathhw,$2a$10$t7Yelc6KO8lOcOQUd1eYDOl/T6LxVPWwee4DlMTSdNOrSo.JZ9cNq,Lyn,Seath,CLIENT
dlummushx,$2a$10$t7Yelc6KO8lOcOQUd1eYDOl/T6LxVPWwee4DlMTSdNOrSo.JZ9cNq,Dorelle,Lummus,CLIENT
cknowllerhy,$2a$10$t7Yelc6KO8lOcOQUd1eYDOl/T6LxVPWwee4DlMTSdNOrSo.JZ9cNq,Cornall,Knowller,CLIENT
bbuesdenhz,$2a$10$t7Yelc6KO8lOcOQUd1eYDOl/T6LxVPWwee4DlMTSdNOrSo.JZ9cNq,Brinn,Buesden,CLIENT
djutsoni0,$2a$10$t7Yelc6KO8lOcOQUd1eYDOl/T6LxVPWwee4DlMTSdNOrSo.JZ9cNq,Delia,Jutson,CLIENT
jbentotei1,$2a$10$t7Yelc6KO8lOcOQUd1eYDOl/T6LxVPWwee4DlMTSdNOrSo.JZ9cNq,Jillayne,Bentote,CLIENT
mdennessi2,$2a$10$t7Yelc6KO8lOcOQUd1eYDOl/T6LxVPWwee4DlMTSdNOrSo.JZ9cNq,Mallissa,Denness,CLIENT
ksnarei3,$2a$10$t7Yelc6KO8lOcOQUd1eYDOl/T6LxVPWwee4DlMTSdNOrSo.JZ9cNq,Kylie,Snare,CLIENT
zcoldricki4,$2a$10$t7Yelc6KO8lOcOQUd1eYDOl/T6LxVPWwee4DlMTSdNOrSo.JZ9cNq,Zacherie,Coldrick,CLIENT
klittledykei5,$2a$10$t7Yelc6KO8lOcOQUd1eYDOl/T6LxVPWwee4DlMTSdNOrSo.JZ9cNq,Katleen,Littledyke,CLIENT
bferrisi6,$2a$10$t7Yelc6KO8lOcOQUd1eYDOl/T6LxVPWwee4DlMTSdNOrSo.JZ9cNq,Beatrisa,Ferris,CLIENT
rdeclairmonti7,$2a$10$t7Yelc6KO8lOcOQUd1eYDOl/T6LxVPWwee4DlMTSdNOrSo.JZ9cNq,Ripley,De Clairmont,CLIENT
lkilliami8,$2a$10$t7Yelc6KO8lOcOQUd1eYDOl/T6LxVPWwee4DlMTSdNOrSo.JZ9cNq,Larina,Killiam,CLIENT
lmckuei9,$2a$10$t7Yelc6KO8lOcOQUd1eYDOl/T6LxVPWwee4DlMTSdNOrSo.JZ9cNq,Leah,McKue,CLIENT
rdaishia,$2a$10$t7Yelc6KO8lOcOQUd1eYDOl/T6LxVPWwee4DlMTSdNOrSo.JZ9cNq,Rakel,Daish,CLIENT
aravenhillsib,$2a$10$t7Yelc6KO8lOcOQUd1eYDOl/T6LxVPWwee4DlMTSdNOrSo.JZ9cNq,Aylmar,Ravenhills,CLIENT
shuyhtonic,$2a$10$t7Yelc6KO8lOcOQUd1eYDOl/T6LxVPWwee4DlMTSdNOrSo.JZ9cNq,Sherline,Huyhton,CLIENT
bbrenstuhlid,$2a$10$t7Yelc6KO8lOcOQUd1eYDOl/T6LxVPWwee4DlMTSdNOrSo.JZ9cNq,Bud,Brenstuhl,CLIENT
bhalsonie,$2a$10$t7Yelc6KO8lOcOQUd1eYDOl/T6LxVPWwee4DlMTSdNOrSo.JZ9cNq,Bennett,Halson,CLIENT
wuddenif,$2a$10$t7Yelc6KO8lOcOQUd1eYDOl/T6LxVPWwee4DlMTSdNOrSo.JZ9cNq,Wood,Udden,CLIENT
ppevsnerig,$2a$10$t7Yelc6KO8lOcOQUd1eYDOl/T6LxVPWwee4DlMTSdNOrSo.JZ9cNq,Pablo,Pevsner,CLIENT
lgraysmarkih,$2a$10$t7Yelc6KO8lOcOQUd1eYDOl/T6LxVPWwee4DlMTSdNOrSo.JZ9cNq,Lacee,Graysmark,CLIENT
dcanadaii,$2a$10$t7Yelc6KO8lOcOQUd1eYDOl/T6LxVPWwee4DlMTSdNOrSo.JZ9cNq,Davin,Canada,CLIENT
idewittij,$2a$10$t7Yelc6KO8lOcOQUd1eYDOl/T6LxVPWwee4DlMTSdNOrSo.JZ9cNq,Isacco,De Witt,CLIENT
aferrinoik,$2a$10$t7Yelc6KO8lOcOQUd1eYDOl/T6LxVPWwee4DlMTSdNOrSo.JZ9cNq,Anastasia,Ferrino,CLIENT
zbeatyil,$2a$10$t7Yelc6KO8lOcOQUd1eYDOl/T6LxVPWwee4DlMTSdNOrSo.JZ9cNq,Zechariah,Beaty,CLIENT
ascammellim,$2a$10$t7Yelc6KO8lOcOQUd1eYDOl/T6LxVPWwee4DlMTSdNOrSo.JZ9cNq,Annecorinne,Scammell,CLIENT
moranin,$2a$10$t7Yelc6KO8lOcOQUd1eYDOl/T6LxVPWwee4DlMTSdNOrSo.JZ9cNq,Marissa,Oran,CLIENT
creveleyio,$2a$10$t7Yelc6KO8lOcOQUd1eYDOl/T6LxVPWwee4DlMTSdNOrSo.JZ9cNq,Carolee,Reveley,CLIENT
fjanaszkiewiczip,$2a$10$t7Yelc6KO8lOcOQUd1eYDOl/T6LxVPWwee4DlMTSdNOrSo.JZ9cNq,Finn,Janaszkiewicz,CLIENT
ntregoningiq,$2a$10$t7Yelc6KO8lOcOQUd1eYDOl/T6LxVPWwee4DlMTSdNOrSo.JZ9cNq,Neilla,Tregoning,CLIENT
blintotir,$2a$10$t7Yelc6KO8lOcOQUd1eYDOl/T6LxVPWwee4DlMTSdNOrSo.JZ9cNq,Bathsheba,Lintot,CLIENT
hyerbornis,$2a$10$t7Yelc6KO8lOcOQUd1eYDOl/T6LxVPWwee4DlMTSdNOrSo.JZ9cNq,Hilda,Yerborn,CLIENT
cmerringit,$2a$10$t7Yelc6KO8lOcOQUd1eYDOl/T6LxVPWwee4DlMTSdNOrSo.JZ9cNq,Caldwell,Merring,CLIENT
ieardleyiu,$2a$10$t7Yelc6KO8lOcOQUd1eYDOl/T6LxVPWwee4DlMTSdNOrSo.JZ9cNq,Igor,Eardley,CLIENT
eschottliiv,$2a$10$t7Yelc6KO8lOcOQUd1eYDOl/T6LxVPWwee4DlMTSdNOrSo.JZ9cNq,Essie,Schottli,CLIENT
lhedleyiw,$2a$10$t7Yelc6KO8lOcOQUd1eYDOl/T6LxVPWwee4DlMTSdNOrSo.JZ9cNq,Lorry,Hedley,CLIENT
abootherstoneix,$2a$10$t7Yelc6KO8lOcOQUd1eYDOl/T6LxVPWwee4DlMTSdNOrSo.JZ9cNq,Aube,Bootherstone,CLIENT
wmarzelloiy,$2a$10$t7Yelc6KO8lOcOQUd1eYDOl/T6LxVPWwee4DlMTSdNOrSo.JZ9cNq,Wheeler,Marzello,CLIENT
ewalduckiz,$2a$10$t7Yelc6KO8lOcOQUd1eYDOl/T6LxVPWwee4DlMTSdNOrSo.JZ9cNq,Enos,Walduck,CLIENT
pwalewskij0,$2a$10$t7Yelc6KO8lOcOQUd1eYDOl/T6LxVPWwee4DlMTSdNOrSo.JZ9cNq,Padraig,Walewski,CLIENT
aaluj1,$2a$10$t7Yelc6KO8lOcOQUd1eYDOl/T6LxVPWwee4DlMTSdNOrSo.JZ9cNq,Anna-diana,Alu,CLIENT
cgraystonj2,$2a$10$t7Yelc6KO8lOcOQUd1eYDOl/T6LxVPWwee4DlMTSdNOrSo.JZ9cNq,Charis,Grayston,CLIENT
elennoxj3,$2a$10$t7Yelc6KO8lOcOQUd1eYDOl/T6LxVPWwee4DlMTSdNOrSo.JZ9cNq,Edithe,Lennox,CLIENT
dspinckej4,$2a$10$t7Yelc6KO8lOcOQUd1eYDOl/T6LxVPWwee4DlMTSdNOrSo.JZ9cNq,Deeanne,Spincke,CLIENT
ldavidovitsj5,$2a$10$t7Yelc6KO8lOcOQUd1eYDOl/T6LxVPWwee4DlMTSdNOrSo.JZ9cNq,Lazaro,Davidovits,CLIENT
sbassonj6,$2a$10$t7Yelc6KO8lOcOQUd1eYDOl/T6LxVPWwee4DlMTSdNOrSo.JZ9cNq,Sean,Basson,CLIENT
rchennellsj7,$2a$10$t7Yelc6KO8lOcOQUd1eYDOl/T6LxVPWwee4DlMTSdNOrSo.JZ9cNq,Rosie,Chennells,CLIENT
trodolfij8,$2a$10$t7Yelc6KO8lOcOQUd1eYDOl/T6LxVPWwee4DlMTSdNOrSo.JZ9cNq,Teodoor,Rodolfi,CLIENT
wjendrichj9,$2a$10$t7Yelc6KO8lOcOQUd1eYDOl/T6LxVPWwee4DlMTSdNOrSo.JZ9cNq,Wiatt,Jendrich,CLIENT
lselcraigja,$2a$10$t7Yelc6KO8lOcOQUd1eYDOl/T6LxVPWwee4DlMTSdNOrSo.JZ9cNq,Leyla,Selcraig,CLIENT
tsillsjb,$2a$10$t7Yelc6KO8lOcOQUd1eYDOl/T6LxVPWwee4DlMTSdNOrSo.JZ9cNq,Travus,Sills,CLIENT
tgabbottsjc,$2a$10$t7Yelc6KO8lOcOQUd1eYDOl/T6LxVPWwee4DlMTSdNOrSo.JZ9cNq,Tessa,Gabbotts,CLIENT
cpaddisonjd,$2a$10$t7Yelc6KO8lOcOQUd1eYDOl/T6LxVPWwee4DlMTSdNOrSo.JZ9cNq,Carlen,Paddison,CLIENT
dbellowsje,$2a$10$t7Yelc6KO8lOcOQUd1eYDOl/T6LxVPWwee4DlMTSdNOrSo.JZ9cNq,Dulcia,Bellows,CLIENT
vtavnerjf,$2a$10$t7Yelc6KO8lOcOQUd1eYDOl/T6LxVPWwee4DlMTSdNOrSo.JZ9cNq,Vera,Tavner,CLIENT
jhubbartjg,$2a$10$t7Yelc6KO8lOcOQUd1eYDOl/T6LxVPWwee4DlMTSdNOrSo.JZ9cNq,Joann,Hubbart,CLIENT
cbailessjh,$2a$10$t7Yelc6KO8lOcOQUd1eYDOl/T6LxVPWwee4DlMTSdNOrSo.JZ9cNq,Colene,Bailess,CLIENT
gcrosthwaiteji,$2a$10$t7Yelc6KO8lOcOQUd1eYDOl/T6LxVPWwee4DlMTSdNOrSo.JZ9cNq,Griffith,Crosthwaite,CLIENT
cgumbrelljj,$2a$10$t7Yelc6KO8lOcOQUd1eYDOl/T6LxVPWwee4DlMTSdNOrSo.JZ9cNq,Celestine,Gumbrell,CLIENT
pcicettijk,$2a$10$t7Yelc6KO8lOcOQUd1eYDOl/T6LxVPWwee4DlMTSdNOrSo.JZ9cNq,Page,Cicetti,CLIENT
lblackaterjl,$2a$10$t7Yelc6KO8lOcOQUd1eYDOl/T6LxVPWwee4DlMTSdNOrSo.JZ9cNq,Lisbeth,Blackater,CLIENT
kkampshelljm,$2a$10$t7Yelc6KO8lOcOQUd1eYDOl/T6LxVPWwee4DlMTSdNOrSo.JZ9cNq,Kimmy,Kampshell,CLIENT
nzellmerjn,$2a$10$t7Yelc6KO8lOcOQUd1eYDOl/T6LxVPWwee4DlMTSdNOrSo.JZ9cNq,Nelson,Zellmer,CLIENT
klamiejo,$2a$10$t7Yelc6KO8lOcOQUd1eYDOl/T6LxVPWwee4DlMTSdNOrSo.JZ9cNq,Keefer,L'Amie,CLIENT
ffergusonjp,$2a$10$t7Yelc6KO8lOcOQUd1eYDOl/T6LxVPWwee4DlMTSdNOrSo.JZ9cNq,Felicle,Ferguson,CLIENT
tambroixjq,$2a$10$t7Yelc6KO8lOcOQUd1eYDOl/T6LxVPWwee4DlMTSdNOrSo.JZ9cNq,Thea,Ambroix,CLIENT
bbrixhamjr,$2a$10$t7Yelc6KO8lOcOQUd1eYDOl/T6LxVPWwee4DlMTSdNOrSo.JZ9cNq,Buckie,Brixham,CLIENT
lmcmoyerjs,$2a$10$t7Yelc6KO8lOcOQUd1eYDOl/T6LxVPWwee4DlMTSdNOrSo.JZ9cNq,Leroi,McMoyer,CLIENT
cwoodruffjt,$2a$10$t7Yelc6KO8lOcOQUd1eYDOl/T6LxVPWwee4DlMTSdNOrSo.JZ9cNq,Cindee,Woodruff,CLIENT
kpagetju,$2a$10$t7Yelc6KO8lOcOQUd1eYDOl/T6LxVPWwee4DlMTSdNOrSo.JZ9cNq,Kristopher,Paget,CLIENT
falnerjv,$2a$10$t7Yelc6KO8lOcOQUd1eYDOl/T6LxVPWwee4DlMTSdNOrSo.JZ9cNq,Francesco,Alner,CLIENT
cdevanneyjw,$2a$10$t7Yelc6KO8lOcOQUd1eYDOl/T6LxVPWwee4DlMTSdNOrSo.JZ9cNq,Corrie,Devanney,CLIENT
mfawcknerjx,$2a$10$t7Yelc6KO8lOcOQUd1eYDOl/T6LxVPWwee4DlMTSdNOrSo.JZ9cNq,Maje,Fawckner,CLIENT
efrearjy,$2a$10$t7Yelc6KO8lOcOQUd1eYDOl/T6LxVPWwee4DlMTSdNOrSo.JZ9cNq,Edan,Frear,CLIENT
pblackaterjz,$2a$10$t7Yelc6KO8lOcOQUd1eYDOl/T6LxVPWwee4DlMTSdNOrSo.JZ9cNq,Percival,Blackater,CLIENT
cabbittk0,$2a$10$t7Yelc6KO8lOcOQUd1eYDOl/T6LxVPWwee4DlMTSdNOrSo.JZ9cNq,Cymbre,Abbitt,CLIENT
aeallesk1,$2a$10$t7Yelc6KO8lOcOQUd1eYDOl/T6LxVPWwee4DlMTSdNOrSo.JZ9cNq,Amalle,Ealles,CLIENT
ssatyfordk2,$2a$10$t7Yelc6KO8lOcOQUd1eYDOl/T6LxVPWwee4DlMTSdNOrSo.JZ9cNq,Sebastien,Satyford,CLIENT
iantatk3,$2a$10$t7Yelc6KO8lOcOQUd1eYDOl/T6LxVPWwee4DlMTSdNOrSo.JZ9cNq,Isabel,Antat,CLIENT
bhuygek4,$2a$10$t7Yelc6KO8lOcOQUd1eYDOl/T6LxVPWwee4DlMTSdNOrSo.JZ9cNq,Beverie,Huyge,CLIENT
kmeynellk5,$2a$10$t7Yelc6KO8lOcOQUd1eYDOl/T6LxVPWwee4DlMTSdNOrSo.JZ9cNq,Kelsey,Meynell,CLIENT
lshorthillk6,$2a$10$t7Yelc6KO8lOcOQUd1eYDOl/T6LxVPWwee4DlMTSdNOrSo.JZ9cNq,Levin,Shorthill,CLIENT
mrogerotk7,$2a$10$t7Yelc6KO8lOcOQUd1eYDOl/T6LxVPWwee4DlMTSdNOrSo.JZ9cNq,Marji,Rogerot,CLIENT
jrisbridgek8,$2a$10$t7Yelc6KO8lOcOQUd1eYDOl/T6LxVPWwee4DlMTSdNOrSo.JZ9cNq,Janos,Risbridge,CLIENT
ecorkishk9,$2a$10$t7Yelc6KO8lOcOQUd1eYDOl/T6LxVPWwee4DlMTSdNOrSo.JZ9cNq,Eugine,Corkish,CLIENT
cbonnetka,$2a$10$t7Yelc6KO8lOcOQUd1eYDOl/T6LxVPWwee4DlMTSdNOrSo.JZ9cNq,Connie,Bonnet,CLIENT
kpoppletonkb,$2a$10$t7Yelc6KO8lOcOQUd1eYDOl/T6LxVPWwee4DlMTSdNOrSo.JZ9cNq,Konstantin,Poppleton,CLIENT
kdunsterkc,$2a$10$t7Yelc6KO8lOcOQUd1eYDOl/T6LxVPWwee4DlMTSdNOrSo.JZ9cNq,Kania,Dunster,CLIENT
lornilloskd,$2a$10$t7Yelc6KO8lOcOQUd1eYDOl/T6LxVPWwee4DlMTSdNOrSo.JZ9cNq,Lotta,Ornillos,CLIENT
kashfullke,$2a$10$t7Yelc6KO8lOcOQUd1eYDOl/T6LxVPWwee4DlMTSdNOrSo.JZ9cNq,Kalvin,Ashfull,CLIENT
bbrocktonkf,$2a$10$t7Yelc6KO8lOcOQUd1eYDOl/T6LxVPWwee4DlMTSdNOrSo.JZ9cNq,Benedikta,Brockton,CLIENT
mbreagankg,$2a$10$t7Yelc6KO8lOcOQUd1eYDOl/T6LxVPWwee4DlMTSdNOrSo.JZ9cNq,Marshall,Breagan,CLIENT
mknyvettkh,$2a$10$t7Yelc6KO8lOcOQUd1eYDOl/T6LxVPWwee4DlMTSdNOrSo.JZ9cNq,Madlen,Knyvett,CLIENT
ayesenevki,$2a$10$t7Yelc6KO8lOcOQUd1eYDOl/T6LxVPWwee4DlMTSdNOrSo.JZ9cNq,Arnaldo,Yesenev,CLIENT
agullanekj,$2a$10$t7Yelc6KO8lOcOQUd1eYDOl/T6LxVPWwee4DlMTSdNOrSo.JZ9cNq,Anabal,Gullane,CLIENT
herrichikk,$2a$10$t7Yelc6KO8lOcOQUd1eYDOl/T6LxVPWwee4DlMTSdNOrSo.JZ9cNq,Hal,Errichi,CLIENT
bdomonikl,$2a$10$t7Yelc6KO8lOcOQUd1eYDOl/T6LxVPWwee4DlMTSdNOrSo.JZ9cNq,Binni,Domoni,CLIENT
bgratrixkm,$2a$10$t7Yelc6KO8lOcOQUd1eYDOl/T6LxVPWwee4DlMTSdNOrSo.JZ9cNq,Bambi,Gratrix,CLIENT
aeyckelbergkn,$2a$10$t7Yelc6KO8lOcOQUd1eYDOl/T6LxVPWwee4DlMTSdNOrSo.JZ9cNq,Alla,Eyckelberg,CLIENT
esandersonko,$2a$10$t7Yelc6KO8lOcOQUd1eYDOl/T6LxVPWwee4DlMTSdNOrSo.JZ9cNq,Ethelind,Sanderson,CLIENT
rnannettikp,$2a$10$t7Yelc6KO8lOcOQUd1eYDOl/T6LxVPWwee4DlMTSdNOrSo.JZ9cNq,Rolland,Nannetti,CLIENT
opechetkq,$2a$10$t7Yelc6KO8lOcOQUd1eYDOl/T6LxVPWwee4DlMTSdNOrSo.JZ9cNq,Orrin,Pechet,CLIENT
alaydonkr,$2a$10$t7Yelc6KO8lOcOQUd1eYDOl/T6LxVPWwee4DlMTSdNOrSo.JZ9cNq,Adella,Laydon,CLIENT
llamarks,$2a$10$t7Yelc6KO8lOcOQUd1eYDOl/T6LxVPWwee4DlMTSdNOrSo.JZ9cNq,Louisette,Lamar,CLIENT
gjevonskt,$2a$10$t7Yelc6KO8lOcOQUd1eYDOl/T6LxVPWwee4DlMTSdNOrSo.JZ9cNq,Guthry,Jevons,CLIENT
gdeasonku,$2a$10$t7Yelc6KO8lOcOQUd1eYDOl/T6LxVPWwee4DlMTSdNOrSo.JZ9cNq,Genia,Deason,CLIENT
asillykv,$2a$10$t7Yelc6KO8lOcOQUd1eYDOl/T6LxVPWwee4DlMTSdNOrSo.JZ9cNq,Alexandre,Silly,CLIENT
carchbellkw,$2a$10$t7Yelc6KO8lOcOQUd1eYDOl/T6LxVPWwee4DlMTSdNOrSo.JZ9cNq,Cosetta,Archbell,CLIENT
kturmellkx,$2a$10$t7Yelc6KO8lOcOQUd1eYDOl/T6LxVPWwee4DlMTSdNOrSo.JZ9cNq,Karoly,Turmell,CLIENT
scollyerky,$2a$10$t7Yelc6KO8lOcOQUd1eYDOl/T6LxVPWwee4DlMTSdNOrSo.JZ9cNq,Starlin,Collyer,CLIENT
darundelkz,$2a$10$t7Yelc6KO8lOcOQUd1eYDOl/T6LxVPWwee4DlMTSdNOrSo.JZ9cNq,Dari,Arundel,CLIENT
asidlel0,$2a$10$t7Yelc6KO8lOcOQUd1eYDOl/T6LxVPWwee4DlMTSdNOrSo.JZ9cNq,Abe,Sidle,CLIENT
hstpierrel1,$2a$10$t7Yelc6KO8lOcOQUd1eYDOl/T6LxVPWwee4DlMTSdNOrSo.JZ9cNq,Heloise,St Pierre,CLIENT
dnassil2,$2a$10$t7Yelc6KO8lOcOQUd1eYDOl/T6LxVPWwee4DlMTSdNOrSo.JZ9cNq,Danica,Nassi,CLIENT
gthwaitesl3,$2a$10$t7Yelc6KO8lOcOQUd1eYDOl/T6LxVPWwee4DlMTSdNOrSo.JZ9cNq,Gerik,Thwaites,CLIENT
otimbridgel4,$2a$10$t7Yelc6KO8lOcOQUd1eYDOl/T6LxVPWwee4DlMTSdNOrSo.JZ9cNq,Othello,Timbridge,CLIENT
edollenl5,$2a$10$t7Yelc6KO8lOcOQUd1eYDOl/T6LxVPWwee4DlMTSdNOrSo.JZ9cNq,Eimile,Dollen,CLIENT
adibbinl6,$2a$10$t7Yelc6KO8lOcOQUd1eYDOl/T6LxVPWwee4DlMTSdNOrSo.JZ9cNq,Amby,Dibbin,CLIENT
sgeffel7,$2a$10$t7Yelc6KO8lOcOQUd1eYDOl/T6LxVPWwee4DlMTSdNOrSo.JZ9cNq,Shurlock,Geffe,CLIENT
tbolsteridgel8,$2a$10$t7Yelc6KO8lOcOQUd1eYDOl/T6LxVPWwee4DlMTSdNOrSo.JZ9cNq,Thorny,Bolsteridge,CLIENT
eklimentovl9,$2a$10$t7Yelc6KO8lOcOQUd1eYDOl/T6LxVPWwee4DlMTSdNOrSo.JZ9cNq,Eudora,Klimentov,CLIENT
gparchmentla,$2a$10$t7Yelc6KO8lOcOQUd1eYDOl/T6LxVPWwee4DlMTSdNOrSo.JZ9cNq,Garek,Parchment,CLIENT
rhambridgelb,$2a$10$t7Yelc6KO8lOcOQUd1eYDOl/T6LxVPWwee4DlMTSdNOrSo.JZ9cNq,Riki,Hambridge,CLIENT
dpallentlc,$2a$10$t7Yelc6KO8lOcOQUd1eYDOl/T6LxVPWwee4DlMTSdNOrSo.JZ9cNq,Dixie,Pallent,CLIENT
rcomussold,$2a$10$t7Yelc6KO8lOcOQUd1eYDOl/T6LxVPWwee4DlMTSdNOrSo.JZ9cNq,Row,Comusso,CLIENT
galabonele,$2a$10$t7Yelc6KO8lOcOQUd1eYDOl/T6LxVPWwee4DlMTSdNOrSo.JZ9cNq,Gillian,Alabone,CLIENT
bbinnalllf,$2a$10$t7Yelc6KO8lOcOQUd1eYDOl/T6LxVPWwee4DlMTSdNOrSo.JZ9cNq,Brigitta,Binnall,CLIENT
mluckcucklg,$2a$10$t7Yelc6KO8lOcOQUd1eYDOl/T6LxVPWwee4DlMTSdNOrSo.JZ9cNq,Marcy,Luckcuck,CLIENT
sfogtlh,$2a$10$t7Yelc6KO8lOcOQUd1eYDOl/T6LxVPWwee4DlMTSdNOrSo.JZ9cNq,Stevana,Fogt,CLIENT
mmarchenkoli,$2a$10$t7Yelc6KO8lOcOQUd1eYDOl/T6LxVPWwee4DlMTSdNOrSo.JZ9cNq,Maridel,Marchenko,CLIENT
prochfordlj,$2a$10$t7Yelc6KO8lOcOQUd1eYDOl/T6LxVPWwee4DlMTSdNOrSo.JZ9cNq,Perri,Rochford,CLIENT
ktakkoslk,$2a$10$t7Yelc6KO8lOcOQUd1eYDOl/T6LxVPWwee4DlMTSdNOrSo.JZ9cNq,Krissy,Takkos,CLIENT
bengelbrechtll,$2a$10$t7Yelc6KO8lOcOQUd1eYDOl/T6LxVPWwee4DlMTSdNOrSo.JZ9cNq,Bat,Engelbrecht,CLIENT
zcouvertlm,$2a$10$t7Yelc6KO8lOcOQUd1eYDOl/T6LxVPWwee4DlMTSdNOrSo.JZ9cNq,Zonnya,Couvert,CLIENT
lcompsonln,$2a$10$t7Yelc6KO8lOcOQUd1eYDOl/T6LxVPWwee4DlMTSdNOrSo.JZ9cNq,Liuka,Compson,CLIENT
efermingerlo,$2a$10$t7Yelc6KO8lOcOQUd1eYDOl/T6LxVPWwee4DlMTSdNOrSo.JZ9cNq,Esmeralda,Ferminger,CLIENT
aocahsedylp,$2a$10$t7Yelc6KO8lOcOQUd1eYDOl/T6LxVPWwee4DlMTSdNOrSo.JZ9cNq,Archaimbaud,O'Cahsedy,CLIENT
lquartermanlq,$2a$10$t7Yelc6KO8lOcOQUd1eYDOl/T6LxVPWwee4DlMTSdNOrSo.JZ9cNq,Leelah,Quarterman,CLIENT
rcarrivicklr,$2a$10$t7Yelc6KO8lOcOQUd1eYDOl/T6LxVPWwee4DlMTSdNOrSo.JZ9cNq,Rachael,Carrivick,CLIENT
pharrowerls,$2a$10$t7Yelc6KO8lOcOQUd1eYDOl/T6LxVPWwee4DlMTSdNOrSo.JZ9cNq,Pavia,Harrower,CLIENT
bmuccinolt,$2a$10$t7Yelc6KO8lOcOQUd1eYDOl/T6LxVPWwee4DlMTSdNOrSo.JZ9cNq,Brigit,Muccino,CLIENT
mkedwardlu,$2a$10$t7Yelc6KO8lOcOQUd1eYDOl/T6LxVPWwee4DlMTSdNOrSo.JZ9cNq,Moishe,Kedward,CLIENT
rsanhamlv,$2a$10$t7Yelc6KO8lOcOQUd1eYDOl/T6LxVPWwee4DlMTSdNOrSo.JZ9cNq,Roxine,Sanham,CLIENT
nvonhindenburglw,$2a$10$t7Yelc6KO8lOcOQUd1eYDOl/T6LxVPWwee4DlMTSdNOrSo.JZ9cNq,Niven,Von Hindenburg,CLIENT
gdibiasilx,$2a$10$t7Yelc6KO8lOcOQUd1eYDOl/T6LxVPWwee4DlMTSdNOrSo.JZ9cNq,Gavan,Di Biasi,CLIENT
mklieslly,$2a$10$t7Yelc6KO8lOcOQUd1eYDOl/T6LxVPWwee4DlMTSdNOrSo.JZ9cNq,Merrielle,Kliesl,CLIENT
bleprevostlz,$2a$10$t7Yelc6KO8lOcOQUd1eYDOl/T6LxVPWwee4DlMTSdNOrSo.JZ9cNq,Beulah,Le Prevost,CLIENT
mmarsym0,$2a$10$t7Yelc6KO8lOcOQUd1eYDOl/T6LxVPWwee4DlMTSdNOrSo.JZ9cNq,Mel,Marsy,CLIENT
gwestgatem1,$2a$10$t7Yelc6KO8lOcOQUd1eYDOl/T6LxVPWwee4DlMTSdNOrSo.JZ9cNq,Goddard,Westgate,CLIENT
cchevinsm2,$2a$10$t7Yelc6KO8lOcOQUd1eYDOl/T6LxVPWwee4DlMTSdNOrSo.JZ9cNq,Carmel,Chevins,CLIENT
aogriffinm3,$2a$10$t7Yelc6KO8lOcOQUd1eYDOl/T6LxVPWwee4DlMTSdNOrSo.JZ9cNq,Audra,O'Griffin,CLIENT
rmantrupm4,$2a$10$t7Yelc6KO8lOcOQUd1eYDOl/T6LxVPWwee4DlMTSdNOrSo.JZ9cNq,Roberto,Mantrup,CLIENT
kthompsettm5,$2a$10$t7Yelc6KO8lOcOQUd1eYDOl/T6LxVPWwee4DlMTSdNOrSo.JZ9cNq,Kimbra,Thompsett,CLIENT
idonlonm6,$2a$10$t7Yelc6KO8lOcOQUd1eYDOl/T6LxVPWwee4DlMTSdNOrSo.JZ9cNq,Idette,Donlon,CLIENT
zrevancem7,$2a$10$t7Yelc6KO8lOcOQUd1eYDOl/T6LxVPWwee4DlMTSdNOrSo.JZ9cNq,Zechariah,Revance,CLIENT
istallwoodm8,$2a$10$t7Yelc6KO8lOcOQUd1eYDOl/T6LxVPWwee4DlMTSdNOrSo.JZ9cNq,Isabelle,Stallwood,CLIENT
aswyndleym9,$2a$10$t7Yelc6KO8lOcOQUd1eYDOl/T6LxVPWwee4DlMTSdNOrSo.JZ9cNq,Agustin,Swyndley,CLIENT
lbiasioma,$2a$10$t7Yelc6KO8lOcOQUd1eYDOl/T6LxVPWwee4DlMTSdNOrSo.JZ9cNq,Lenore,Biasio,CLIENT
odrohunmb,$2a$10$t7Yelc6KO8lOcOQUd1eYDOl/T6LxVPWwee4DlMTSdNOrSo.JZ9cNq,Ola,Drohun,CLIENT
bstandishmc,$2a$10$t7Yelc6KO8lOcOQUd1eYDOl/T6LxVPWwee4DlMTSdNOrSo.JZ9cNq,Barr,Standish,CLIENT
gpresseymd,$2a$10$t7Yelc6KO8lOcOQUd1eYDOl/T6LxVPWwee4DlMTSdNOrSo.JZ9cNq,Gilemette,Pressey,CLIENT
clindberghme,$2a$10$t7Yelc6KO8lOcOQUd1eYDOl/T6LxVPWwee4DlMTSdNOrSo.JZ9cNq,Cull,Lindbergh,CLIENT
kparcellsmf,$2a$10$t7Yelc6KO8lOcOQUd1eYDOl/T6LxVPWwee4DlMTSdNOrSo.JZ9cNq,Kriste,Parcells,CLIENT
qtassellmg,$2a$10$t7Yelc6KO8lOcOQUd1eYDOl/T6LxVPWwee4DlMTSdNOrSo.JZ9cNq,Quent,Tassell,CLIENT
alinturnmh,$2a$10$t7Yelc6KO8lOcOQUd1eYDOl/T6LxVPWwee4DlMTSdNOrSo.JZ9cNq,Alistair,Linturn,CLIENT
dsweetmoremi,$2a$10$t7Yelc6KO8lOcOQUd1eYDOl/T6LxVPWwee4DlMTSdNOrSo.JZ9cNq,Deana,Sweetmore,CLIENT
gjansmj,$2a$10$t7Yelc6KO8lOcOQUd1eYDOl/T6LxVPWwee4DlMTSdNOrSo.JZ9cNq,Glynn,Jans,CLIENT
agealmk,$2a$10$t7Yelc6KO8lOcOQUd1eYDOl/T6LxVPWwee4DlMTSdNOrSo.JZ9cNq,Alix,Geal,CLIENT
srippenml,$2a$10$t7Yelc6KO8lOcOQUd1eYDOl/T6LxVPWwee4DlMTSdNOrSo.JZ9cNq,Sibylla,Rippen,CLIENT
jnewcommm,$2a$10$t7Yelc6KO8lOcOQUd1eYDOl/T6LxVPWwee4DlMTSdNOrSo.JZ9cNq,Joanne,Newcom,CLIENT
slifemn,$2a$10$t7Yelc6KO8lOcOQUd1eYDOl/T6LxVPWwee4DlMTSdNOrSo.JZ9cNq,Shoshana,Life,CLIENT
ftideymo,$2a$10$t7Yelc6KO8lOcOQUd1eYDOl/T6LxVPWwee4DlMTSdNOrSo.JZ9cNq,Filide,Tidey,CLIENT
msanziomp,$2a$10$t7Yelc6KO8lOcOQUd1eYDOl/T6LxVPWwee4DlMTSdNOrSo.JZ9cNq,Marylin,Sanzio,CLIENT
gokeefemq,$2a$10$t7Yelc6KO8lOcOQUd1eYDOl/T6LxVPWwee4DlMTSdNOrSo.JZ9cNq,Gwynne,O'Keefe,CLIENT
rpoulneymr,$2a$10$t7Yelc6KO8lOcOQUd1eYDOl/T6LxVPWwee4DlMTSdNOrSo.JZ9cNq,Russell,Poulney,CLIENT
bmcmylorms,$2a$10$t7Yelc6KO8lOcOQUd1eYDOl/T6LxVPWwee4DlMTSdNOrSo.JZ9cNq,Bobette,McMylor,CLIENT
mhamshawmt,$2a$10$t7Yelc6KO8lOcOQUd1eYDOl/T6LxVPWwee4DlMTSdNOrSo.JZ9cNq,Merlina,Hamshaw,CLIENT
mgrigautmu,$2a$10$t7Yelc6KO8lOcOQUd1eYDOl/T6LxVPWwee4DlMTSdNOrSo.JZ9cNq,Michaeline,Grigaut,CLIENT
sfirmingermv,$2a$10$t7Yelc6KO8lOcOQUd1eYDOl/T6LxVPWwee4DlMTSdNOrSo.JZ9cNq,Shae,Firminger,CLIENT
mdoddrellmw,$2a$10$t7Yelc6KO8lOcOQUd1eYDOl/T6LxVPWwee4DlMTSdNOrSo.JZ9cNq,Maxwell,Doddrell,CLIENT
dpabelmx,$2a$10$t7Yelc6KO8lOcOQUd1eYDOl/T6LxVPWwee4DlMTSdNOrSo.JZ9cNq,Dorotea,Pabel,CLIENT
riowarchmy,$2a$10$t7Yelc6KO8lOcOQUd1eYDOl/T6LxVPWwee4DlMTSdNOrSo.JZ9cNq,Reta,Iowarch,CLIENT
gconeybeermz,$2a$10$t7Yelc6KO8lOcOQUd1eYDOl/T6LxVPWwee4DlMTSdNOrSo.JZ9cNq,Genovera,Coneybeer,CLIENT
ahuglandn0,$2a$10$t7Yelc6KO8lOcOQUd1eYDOl/T6LxVPWwee4DlMTSdNOrSo.JZ9cNq,Arman,Hugland,CLIENT
kscullardn1,$2a$10$t7Yelc6KO8lOcOQUd1eYDOl/T6LxVPWwee4DlMTSdNOrSo.JZ9cNq,Kellsie,Scullard,CLIENT
pwheatern2,$2a$10$t7Yelc6KO8lOcOQUd1eYDOl/T6LxVPWwee4DlMTSdNOrSo.JZ9cNq,Putnem,Wheater,CLIENT
gfauldsn3,$2a$10$t7Yelc6KO8lOcOQUd1eYDOl/T6LxVPWwee4DlMTSdNOrSo.JZ9cNq,Guilbert,Faulds,CLIENT
dcattrolln4,$2a$10$t7Yelc6KO8lOcOQUd1eYDOl/T6LxVPWwee4DlMTSdNOrSo.JZ9cNq,Dayna,Cattroll,CLIENT
ibrimmn5,$2a$10$t7Yelc6KO8lOcOQUd1eYDOl/T6LxVPWwee4DlMTSdNOrSo.JZ9cNq,Idette,Brimm,CLIENT
rdowdneyn6,$2a$10$t7Yelc6KO8lOcOQUd1eYDOl/T6LxVPWwee4DlMTSdNOrSo.JZ9cNq,Reinhold,Dowdney,CLIENT
kjasikn7,$2a$10$t7Yelc6KO8lOcOQUd1eYDOl/T6LxVPWwee4DlMTSdNOrSo.JZ9cNq,Kenneth,Jasik,CLIENT
wbottinellin8,$2a$10$t7Yelc6KO8lOcOQUd1eYDOl/T6LxVPWwee4DlMTSdNOrSo.JZ9cNq,Wilma,Bottinelli,CLIENT
rmcgerraghtyn9,$2a$10$t7Yelc6KO8lOcOQUd1eYDOl/T6LxVPWwee4DlMTSdNOrSo.JZ9cNq,Rollins,McGerraghty,CLIENT
brodliffna,$2a$10$t7Yelc6KO8lOcOQUd1eYDOl/T6LxVPWwee4DlMTSdNOrSo.JZ9cNq,Bogey,Rodliff,CLIENT
harmsteadnb,$2a$10$t7Yelc6KO8lOcOQUd1eYDOl/T6LxVPWwee4DlMTSdNOrSo.JZ9cNq,Hiram,Armstead,CLIENT
lgoulbornnc,$2a$10$t7Yelc6KO8lOcOQUd1eYDOl/T6LxVPWwee4DlMTSdNOrSo.JZ9cNq,Lem,Goulborn,CLIENT
spengelleynd,$2a$10$t7Yelc6KO8lOcOQUd1eYDOl/T6LxVPWwee4DlMTSdNOrSo.JZ9cNq,Shirlene,Pengelley,CLIENT
tvowdonne,$2a$10$t7Yelc6KO8lOcOQUd1eYDOl/T6LxVPWwee4DlMTSdNOrSo.JZ9cNq,Tamar,Vowdon,CLIENT
mbouldsnf,$2a$10$t7Yelc6KO8lOcOQUd1eYDOl/T6LxVPWwee4DlMTSdNOrSo.JZ9cNq,Maggi,Boulds,CLIENT
arichfieldng,$2a$10$t7Yelc6KO8lOcOQUd1eYDOl/T6LxVPWwee4DlMTSdNOrSo.JZ9cNq,Andie,Richfield,CLIENT
belwynnh,$2a$10$t7Yelc6KO8lOcOQUd1eYDOl/T6LxVPWwee4DlMTSdNOrSo.JZ9cNq,Belita,Elwyn,CLIENT
ggableni,$2a$10$t7Yelc6KO8lOcOQUd1eYDOl/T6LxVPWwee4DlMTSdNOrSo.JZ9cNq,Genni,Gable,CLIENT
vfairlawnj,$2a$10$t7Yelc6KO8lOcOQUd1eYDOl/T6LxVPWwee4DlMTSdNOrSo.JZ9cNq,Virge,Fairlaw,CLIENT
bcheakenk,$2a$10$t7Yelc6KO8lOcOQUd1eYDOl/T6LxVPWwee4DlMTSdNOrSo.JZ9cNq,Brittney,Cheake,CLIENT
aklaggenl,$2a$10$t7Yelc6KO8lOcOQUd1eYDOl/T6LxVPWwee4DlMTSdNOrSo.JZ9cNq,Antonetta,Klagge,CLIENT
dpasquenm,$2a$10$t7Yelc6KO8lOcOQUd1eYDOl/T6LxVPWwee4DlMTSdNOrSo.JZ9cNq,Deane,Pasque,CLIENT
jdourinnn,$2a$10$t7Yelc6KO8lOcOQUd1eYDOl/T6LxVPWwee4DlMTSdNOrSo.JZ9cNq,Jessamine,Dourin,CLIENT
rcoverdillno,$2a$10$t7Yelc6KO8lOcOQUd1eYDOl/T6LxVPWwee4DlMTSdNOrSo.JZ9cNq,Redford,Coverdill,CLIENT
josheerinnp,$2a$10$t7Yelc6KO8lOcOQUd1eYDOl/T6LxVPWwee4DlMTSdNOrSo.JZ9cNq,Josselyn,O'Sheerin,CLIENT
lcosgravenq,$2a$10$t7Yelc6KO8lOcOQUd1eYDOl/T6LxVPWwee4DlMTSdNOrSo.JZ9cNq,Lorianne,Cosgrave,CLIENT
pawmacknr,$2a$10$t7Yelc6KO8lOcOQUd1eYDOl/T6LxVPWwee4DlMTSdNOrSo.JZ9cNq,Pyotr,Awmack,CLIENT
gjessettns,$2a$10$t7Yelc6KO8lOcOQUd1eYDOl/T6LxVPWwee4DlMTSdNOrSo.JZ9cNq,Geri,Jessett,CLIENT
apomfretnt,$2a$10$t7Yelc6KO8lOcOQUd1eYDOl/T6LxVPWwee4DlMTSdNOrSo.JZ9cNq,Aigneis,Pomfret,CLIENT
dpowternu,$2a$10$t7Yelc6KO8lOcOQUd1eYDOl/T6LxVPWwee4DlMTSdNOrSo.JZ9cNq,Denni,Powter,CLIENT
celtunenv,$2a$10$t7Yelc6KO8lOcOQUd1eYDOl/T6LxVPWwee4DlMTSdNOrSo.JZ9cNq,Claretta,Eltune,CLIENT
tbriscoenw,$2a$10$t7Yelc6KO8lOcOQUd1eYDOl/T6LxVPWwee4DlMTSdNOrSo.JZ9cNq,Teresita,Briscoe,CLIENT
vinchleynx,$2a$10$t7Yelc6KO8lOcOQUd1eYDOl/T6LxVPWwee4DlMTSdNOrSo.JZ9cNq,Valencia,Inchley,CLIENT
lcluittny,$2a$10$t7Yelc6KO8lOcOQUd1eYDOl/T6LxVPWwee4DlMTSdNOrSo.JZ9cNq,Lamont,Cluitt,CLIENT
pwoodroofnz,$2a$10$t7Yelc6KO8lOcOQUd1eYDOl/T6LxVPWwee4DlMTSdNOrSo.JZ9cNq,Pam,Woodroof,CLIENT
dleysono0,$2a$10$t7Yelc6KO8lOcOQUd1eYDOl/T6LxVPWwee4DlMTSdNOrSo.JZ9cNq,Danice,Leyson,CLIENT
nradeno1,$2a$10$t7Yelc6KO8lOcOQUd1eYDOl/T6LxVPWwee4DlMTSdNOrSo.JZ9cNq,Nesta,Raden,CLIENT
awreighto2,$2a$10$t7Yelc6KO8lOcOQUd1eYDOl/T6LxVPWwee4DlMTSdNOrSo.JZ9cNq,Aprilette,Wreight,CLIENT
cballamo3,$2a$10$t7Yelc6KO8lOcOQUd1eYDOl/T6LxVPWwee4DlMTSdNOrSo.JZ9cNq,Chastity,Ballam,CLIENT
jsidryo4,$2a$10$t7Yelc6KO8lOcOQUd1eYDOl/T6LxVPWwee4DlMTSdNOrSo.JZ9cNq,Jenda,Sidry,CLIENT
igilchriesto5,$2a$10$t7Yelc6KO8lOcOQUd1eYDOl/T6LxVPWwee4DlMTSdNOrSo.JZ9cNq,Iorgo,Gilchriest,CLIENT
adummigano6,$2a$10$t7Yelc6KO8lOcOQUd1eYDOl/T6LxVPWwee4DlMTSdNOrSo.JZ9cNq,Alain,Dummigan,CLIENT
yrackleyo7,$2a$10$t7Yelc6KO8lOcOQUd1eYDOl/T6LxVPWwee4DlMTSdNOrSo.JZ9cNq,Ysabel,Rackley,CLIENT
kbatterhamo8,$2a$10$t7Yelc6KO8lOcOQUd1eYDOl/T6LxVPWwee4DlMTSdNOrSo.JZ9cNq,Kirsteni,Batterham,CLIENT
clonghio9,$2a$10$t7Yelc6KO8lOcOQUd1eYDOl/T6LxVPWwee4DlMTSdNOrSo.JZ9cNq,Cody,Longhi,CLIENT
crangelloa,$2a$10$t7Yelc6KO8lOcOQUd1eYDOl/T6LxVPWwee4DlMTSdNOrSo.JZ9cNq,Claude,Rangell,CLIENT
cdabneyob,$2a$10$t7Yelc6KO8lOcOQUd1eYDOl/T6LxVPWwee4DlMTSdNOrSo.JZ9cNq,Concettina,Dabney,CLIENT
bbaffoc,$2a$10$t7Yelc6KO8lOcOQUd1eYDOl/T6LxVPWwee4DlMTSdNOrSo.JZ9cNq,Barrie,Baff,CLIENT
aclinkod,$2a$10$t7Yelc6KO8lOcOQUd1eYDOl/T6LxVPWwee4DlMTSdNOrSo.JZ9cNq,Adoree,Clink,CLIENT
dworldoe,$2a$10$t7Yelc6KO8lOcOQUd1eYDOl/T6LxVPWwee4DlMTSdNOrSo.JZ9cNq,Daphna,World,CLIENT
mchasemoreof,$2a$10$t7Yelc6KO8lOcOQUd1eYDOl/T6LxVPWwee4DlMTSdNOrSo.JZ9cNq,Morgen,Chasemore,CLIENT
mpygottog,$2a$10$t7Yelc6KO8lOcOQUd1eYDOl/T6LxVPWwee4DlMTSdNOrSo.JZ9cNq,Marisa,Pygott,CLIENT
wcoppockoh,$2a$10$t7Yelc6KO8lOcOQUd1eYDOl/T6LxVPWwee4DlMTSdNOrSo.JZ9cNq,Welbie,Coppock.,CLIENT
bspikingsoi,$2a$10$t7Yelc6KO8lOcOQUd1eYDOl/T6LxVPWwee4DlMTSdNOrSo.JZ9cNq,Betsey,Spikings,CLIENT
wfreckletonoj,$2a$10$t7Yelc6KO8lOcOQUd1eYDOl/T6LxVPWwee4DlMTSdNOrSo.JZ9cNq,Walker,Freckleton,CLIENT
ngumlyok,$2a$10$t7Yelc6KO8lOcOQUd1eYDOl/T6LxVPWwee4DlMTSdNOrSo.JZ9cNq,Noll,Gumly,CLIENT
ebenettelliol,$2a$10$t7Yelc6KO8lOcOQUd1eYDOl/T6LxVPWwee4DlMTSdNOrSo.JZ9cNq,Elise,Benettelli,CLIENT
bbierlingom,$2a$10$t7Yelc6KO8lOcOQUd1eYDOl/T6LxVPWwee4DlMTSdNOrSo.JZ9cNq,Bayard,Bierling,CLIENT
kdennehyon,$2a$10$t7Yelc6KO8lOcOQUd1eYDOl/T6LxVPWwee4DlMTSdNOrSo.JZ9cNq,Ker,Dennehy,CLIENT
pmacaleesoo,$2a$10$t7Yelc6KO8lOcOQUd1eYDOl/T6LxVPWwee4DlMTSdNOrSo.JZ9cNq,Paulita,MacAlees,CLIENT
rkamingop,$2a$10$t7Yelc6KO8lOcOQUd1eYDOl/T6LxVPWwee4DlMTSdNOrSo.JZ9cNq,Rudolf,Kaming,CLIENT
smacknielyoq,$2a$10$t7Yelc6KO8lOcOQUd1eYDOl/T6LxVPWwee4DlMTSdNOrSo.JZ9cNq,Shelley,MacKniely,CLIENT
lroomesor,$2a$10$t7Yelc6KO8lOcOQUd1eYDOl/T6LxVPWwee4DlMTSdNOrSo.JZ9cNq,Luci,Roomes,CLIENT
rwhanstallos,$2a$10$t7Yelc6KO8lOcOQUd1eYDOl/T6LxVPWwee4DlMTSdNOrSo.JZ9cNq,Roxane,Whanstall,CLIENT
ecearleyot,$2a$10$t7Yelc6KO8lOcOQUd1eYDOl/T6LxVPWwee4DlMTSdNOrSo.JZ9cNq,Erminie,Cearley,CLIENT
sblagdonou,$2a$10$t7Yelc6KO8lOcOQUd1eYDOl/T6LxVPWwee4DlMTSdNOrSo.JZ9cNq,Stephine,Blagdon,CLIENT
wricoaldov,$2a$10$t7Yelc6KO8lOcOQUd1eYDOl/T6LxVPWwee4DlMTSdNOrSo.JZ9cNq,Wesley,Ricoald,CLIENT
ktonkinow,$2a$10$t7Yelc6KO8lOcOQUd1eYDOl/T6LxVPWwee4DlMTSdNOrSo.JZ9cNq,Karol,Tonkin,CLIENT
ghusbandsox,$2a$10$t7Yelc6KO8lOcOQUd1eYDOl/T6LxVPWwee4DlMTSdNOrSo.JZ9cNq,Gabby,Husbands,CLIENT
apetruoy,$2a$10$t7Yelc6KO8lOcOQUd1eYDOl/T6LxVPWwee4DlMTSdNOrSo.JZ9cNq,Abran,Petru,CLIENT
cdiffleyoz,$2a$10$t7Yelc6KO8lOcOQUd1eYDOl/T6LxVPWwee4DlMTSdNOrSo.JZ9cNq,Corilla,Diffley,CLIENT
fglazebrookp0,$2a$10$t7Yelc6KO8lOcOQUd1eYDOl/T6LxVPWwee4DlMTSdNOrSo.JZ9cNq,Frederic,Glazebrook,CLIENT
epaulyp1,$2a$10$t7Yelc6KO8lOcOQUd1eYDOl/T6LxVPWwee4DlMTSdNOrSo.JZ9cNq,Emery,Pauly,CLIENT
nlakep2,$2a$10$t7Yelc6KO8lOcOQUd1eYDOl/T6LxVPWwee4DlMTSdNOrSo.JZ9cNq,Nat,Lake,CLIENT
sverissimop3,$2a$10$t7Yelc6KO8lOcOQUd1eYDOl/T6LxVPWwee4DlMTSdNOrSo.JZ9cNq,Shelley,Verissimo,CLIENT
llanyonp4,$2a$10$t7Yelc6KO8lOcOQUd1eYDOl/T6LxVPWwee4DlMTSdNOrSo.JZ9cNq,Lea,Lanyon,CLIENT
ldreakinp5,$2a$10$t7Yelc6KO8lOcOQUd1eYDOl/T6LxVPWwee4DlMTSdNOrSo.JZ9cNq,Lurline,Dreakin,CLIENT
fcauldwellp6,$2a$10$t7Yelc6KO8lOcOQUd1eYDOl/T6LxVPWwee4DlMTSdNOrSo.JZ9cNq,Fernande,Cauldwell,CLIENT
rgreensmithp7,$2a$10$t7Yelc6KO8lOcOQUd1eYDOl/T6LxVPWwee4DlMTSdNOrSo.JZ9cNq,Reinhard,Greensmith,CLIENT
dfranckp8,$2a$10$t7Yelc6KO8lOcOQUd1eYDOl/T6LxVPWwee4DlMTSdNOrSo.JZ9cNq,Darcy,Franck,CLIENT
tbriggep9,$2a$10$t7Yelc6KO8lOcOQUd1eYDOl/T6LxVPWwee4DlMTSdNOrSo.JZ9cNq,Trenna,Brigge,CLIENT
yskadepa,$2a$10$t7Yelc6KO8lOcOQUd1eYDOl/T6LxVPWwee4DlMTSdNOrSo.JZ9cNq,Yolanthe,Skade,CLIENT
nsneddenpb,$2a$10$t7Yelc6KO8lOcOQUd1eYDOl/T6LxVPWwee4DlMTSdNOrSo.JZ9cNq,Nicolis,Snedden,CLIENT
ascawtonpc,$2a$10$t7Yelc6KO8lOcOQUd1eYDOl/T6LxVPWwee4DlMTSdNOrSo.JZ9cNq,Angeli,Scawton,CLIENT
mbatiepd,$2a$10$t7Yelc6KO8lOcOQUd1eYDOl/T6LxVPWwee4DlMTSdNOrSo.JZ9cNq,Miranda,Batie,CLIENT
apinnockpe,$2a$10$t7Yelc6KO8lOcOQUd1eYDOl/T6LxVPWwee4DlMTSdNOrSo.JZ9cNq,Almire,Pinnock,CLIENT
odullardpf,$2a$10$t7Yelc6KO8lOcOQUd1eYDOl/T6LxVPWwee4DlMTSdNOrSo.JZ9cNq,Oswell,Dullard,CLIENT
gcunliffepg,$2a$10$t7Yelc6KO8lOcOQUd1eYDOl/T6LxVPWwee4DlMTSdNOrSo.JZ9cNq,Glory,Cunliffe,CLIENT
pgallahueph,$2a$10$t7Yelc6KO8lOcOQUd1eYDOl/T6LxVPWwee4DlMTSdNOrSo.JZ9cNq,Pryce,Gallahue,CLIENT
rdecleenpi,$2a$10$t7Yelc6KO8lOcOQUd1eYDOl/T6LxVPWwee4DlMTSdNOrSo.JZ9cNq,Riccardo,De Cleen,CLIENT
pkemppj,$2a$10$t7Yelc6KO8lOcOQUd1eYDOl/T6LxVPWwee4DlMTSdNOrSo.JZ9cNq,Pearce,Kemp,CLIENT
mlowdenpk,$2a$10$t7Yelc6KO8lOcOQUd1eYDOl/T6LxVPWwee4DlMTSdNOrSo.JZ9cNq,Milty,Lowden,CLIENT
dperullipl,$2a$10$t7Yelc6KO8lOcOQUd1eYDOl/T6LxVPWwee4DlMTSdNOrSo.JZ9cNq,Damien,Perulli,CLIENT
tcarffpm,$2a$10$t7Yelc6KO8lOcOQUd1eYDOl/T6LxVPWwee4DlMTSdNOrSo.JZ9cNq,Timmie,Carff,CLIENT
vdyterpn,$2a$10$t7Yelc6KO8lOcOQUd1eYDOl/T6LxVPWwee4DlMTSdNOrSo.JZ9cNq,Valle,Dyter,CLIENT
bevangelinospo,$2a$10$t7Yelc6KO8lOcOQUd1eYDOl/T6LxVPWwee4DlMTSdNOrSo.JZ9cNq,Berkeley,Evangelinos,CLIENT
gselwaypp,$2a$10$t7Yelc6KO8lOcOQUd1eYDOl/T6LxVPWwee4DlMTSdNOrSo.JZ9cNq,Gregoire,Selway,CLIENT
bfairfoullpq,$2a$10$t7Yelc6KO8lOcOQUd1eYDOl/T6LxVPWwee4DlMTSdNOrSo.JZ9cNq,Bobette,Fairfoull,CLIENT
chutchingespr,$2a$10$t7Yelc6KO8lOcOQUd1eYDOl/T6LxVPWwee4DlMTSdNOrSo.JZ9cNq,Chery,Hutchinges,CLIENT
dtregentps,$2a$10$t7Yelc6KO8lOcOQUd1eYDOl/T6LxVPWwee4DlMTSdNOrSo.JZ9cNq,Datha,Tregent,CLIENT
owilseypt,$2a$10$t7Yelc6KO8lOcOQUd1eYDOl/T6LxVPWwee4DlMTSdNOrSo.JZ9cNq,Olia,Wilsey,CLIENT
lwaddiepu,$2a$10$t7Yelc6KO8lOcOQUd1eYDOl/T6LxVPWwee4DlMTSdNOrSo.JZ9cNq,Lanette,Waddie,CLIENT
cforesightpv,$2a$10$t7Yelc6KO8lOcOQUd1eYDOl/T6LxVPWwee4DlMTSdNOrSo.JZ9cNq,Clemente,Foresight,CLIENT
cbernardellipw,$2a$10$t7Yelc6KO8lOcOQUd1eYDOl/T6LxVPWwee4DlMTSdNOrSo.JZ9cNq,Cleavland,Bernardelli,CLIENT
lknowltonpx,$2a$10$t7Yelc6KO8lOcOQUd1eYDOl/T6LxVPWwee4DlMTSdNOrSo.JZ9cNq,Lucine,Knowlton,CLIENT
groosepy,$2a$10$t7Yelc6KO8lOcOQUd1eYDOl/T6LxVPWwee4DlMTSdNOrSo.JZ9cNq,Gay,Roose,CLIENT
mhumanpz,$2a$10$t7Yelc6KO8lOcOQUd1eYDOl/T6LxVPWwee4DlMTSdNOrSo.JZ9cNq,Myrta,Human,CLIENT
khathwayq0,$2a$10$t7Yelc6KO8lOcOQUd1eYDOl/T6LxVPWwee4DlMTSdNOrSo.JZ9cNq,Katharyn,Hathway,CLIENT
jlillicropq1,$2a$10$t7Yelc6KO8lOcOQUd1eYDOl/T6LxVPWwee4DlMTSdNOrSo.JZ9cNq,Jasmina,Lillicrop,CLIENT
eglencorseq2,$2a$10$t7Yelc6KO8lOcOQUd1eYDOl/T6LxVPWwee4DlMTSdNOrSo.JZ9cNq,Evie,Glencorse,CLIENT
rhamleyq3,$2a$10$t7Yelc6KO8lOcOQUd1eYDOl/T6LxVPWwee4DlMTSdNOrSo.JZ9cNq,Rosabella,Hamley,CLIENT
cmarchq4,$2a$10$t7Yelc6KO8lOcOQUd1eYDOl/T6LxVPWwee4DlMTSdNOrSo.JZ9cNq,Cointon,March,CLIENT
acradyq5,$2a$10$t7Yelc6KO8lOcOQUd1eYDOl/T6LxVPWwee4DlMTSdNOrSo.JZ9cNq,Ansel,Crady,CLIENT
jcokeq6,$2a$10$t7Yelc6KO8lOcOQUd1eYDOl/T6LxVPWwee4DlMTSdNOrSo.JZ9cNq,Jonathon,Coke,CLIENT
cbywaterq7,$2a$10$t7Yelc6KO8lOcOQUd1eYDOl/T6LxVPWwee4DlMTSdNOrSo.JZ9cNq,Caleb,Bywater,CLIENT
hvaudinq8,$2a$10$t7Yelc6KO8lOcOQUd1eYDOl/T6LxVPWwee4DlMTSdNOrSo.JZ9cNq,Hermione,Vaudin,CLIENT
sfrounksq9,$2a$10$t7Yelc6KO8lOcOQUd1eYDOl/T6LxVPWwee4DlMTSdNOrSo.JZ9cNq,Stefan,Frounks,CLIENT
bmaccafferkyqa,$2a$10$t7Yelc6KO8lOcOQUd1eYDOl/T6LxVPWwee4DlMTSdNOrSo.JZ9cNq,Bertina,MacCafferky,CLIENT
akohnqb,$2a$10$t7Yelc6KO8lOcOQUd1eYDOl/T6LxVPWwee4DlMTSdNOrSo.JZ9cNq,Amitie,Kohn,CLIENT
pkruschovqc,$2a$10$t7Yelc6KO8lOcOQUd1eYDOl/T6LxVPWwee4DlMTSdNOrSo.JZ9cNq,Perle,Kruschov,CLIENT
sfriedmanqd,$2a$10$t7Yelc6KO8lOcOQUd1eYDOl/T6LxVPWwee4DlMTSdNOrSo.JZ9cNq,Stephanie,Friedman,CLIENT
cchaplingqe,$2a$10$t7Yelc6KO8lOcOQUd1eYDOl/T6LxVPWwee4DlMTSdNOrSo.JZ9cNq,Caron,Chapling,CLIENT
cgribbinqf,$2a$10$t7Yelc6KO8lOcOQUd1eYDOl/T6LxVPWwee4DlMTSdNOrSo.JZ9cNq,Charley,Gribbin,CLIENT
jwilkersonqg,$2a$10$t7Yelc6KO8lOcOQUd1eYDOl/T6LxVPWwee4DlMTSdNOrSo.JZ9cNq,Joshua,Wilkerson,CLIENT
vemigqh,$2a$10$t7Yelc6KO8lOcOQUd1eYDOl/T6LxVPWwee4DlMTSdNOrSo.JZ9cNq,Vinnie,Emig,CLIENT
jbrichamqi,$2a$10$t7Yelc6KO8lOcOQUd1eYDOl/T6LxVPWwee4DlMTSdNOrSo.JZ9cNq,Jany,Bricham,CLIENT
mdilrewqj,$2a$10$t7Yelc6KO8lOcOQUd1eYDOl/T6LxVPWwee4DlMTSdNOrSo.JZ9cNq,Madlin,Dilrew,CLIENT
cfritchleyqk,$2a$10$t7Yelc6KO8lOcOQUd1eYDOl/T6LxVPWwee4DlMTSdNOrSo.JZ9cNq,Christy,Fritchley,CLIENT
lcuseickql,$2a$10$t7Yelc6KO8lOcOQUd1eYDOl/T6LxVPWwee4DlMTSdNOrSo.JZ9cNq,Lance,Cuseick,CLIENT
kdeandreisqm,$2a$10$t7Yelc6KO8lOcOQUd1eYDOl/T6LxVPWwee4DlMTSdNOrSo.JZ9cNq,Kahaleel,De Andreis,CLIENT
ldenyukhinqn,$2a$10$t7Yelc6KO8lOcOQUd1eYDOl/T6LxVPWwee4DlMTSdNOrSo.JZ9cNq,Loleta,Denyukhin,CLIENT
baggsqo,$2a$10$t7Yelc6KO8lOcOQUd1eYDOl/T6LxVPWwee4DlMTSdNOrSo.JZ9cNq,Brockie,Aggs,CLIENT
cisabellqp,$2a$10$t7Yelc6KO8lOcOQUd1eYDOl/T6LxVPWwee4DlMTSdNOrSo.JZ9cNq,Cornell,Isabell,CLIENT
obradlaughqq,$2a$10$t7Yelc6KO8lOcOQUd1eYDOl/T6LxVPWwee4DlMTSdNOrSo.JZ9cNq,Orsola,Bradlaugh,CLIENT
ftilteqr,$2a$10$t7Yelc6KO8lOcOQUd1eYDOl/T6LxVPWwee4DlMTSdNOrSo.JZ9cNq,Foster,Tilte,CLIENT
icallamqs,$2a$10$t7Yelc6KO8lOcOQUd1eYDOl/T6LxVPWwee4DlMTSdNOrSo.JZ9cNq,Iris,Callam,CLIENT
bbilslandqt,$2a$10$t7Yelc6KO8lOcOQUd1eYDOl/T6LxVPWwee4DlMTSdNOrSo.JZ9cNq,Brnaba,Bilsland,CLIENT
mstonnellqu,$2a$10$t7Yelc6KO8lOcOQUd1eYDOl/T6LxVPWwee4DlMTSdNOrSo.JZ9cNq,Marcellina,Stonnell,CLIENT
jhairsnapeqv,$2a$10$t7Yelc6KO8lOcOQUd1eYDOl/T6LxVPWwee4DlMTSdNOrSo.JZ9cNq,Justinn,Hairsnape,CLIENT
dpetegreqw,$2a$10$t7Yelc6KO8lOcOQUd1eYDOl/T6LxVPWwee4DlMTSdNOrSo.JZ9cNq,Dareen,Petegre,CLIENT
kvincentqx,$2a$10$t7Yelc6KO8lOcOQUd1eYDOl/T6LxVPWwee4DlMTSdNOrSo.JZ9cNq,Karna,Vincent,CLIENT
gmanicombqy,$2a$10$t7Yelc6KO8lOcOQUd1eYDOl/T6LxVPWwee4DlMTSdNOrSo.JZ9cNq,Glennie,Manicomb,CLIENT
tsmitheqz,$2a$10$t7Yelc6KO8lOcOQUd1eYDOl/T6LxVPWwee4DlMTSdNOrSo.JZ9cNq,Toddy,Smithe,CLIENT
elenaghenr0,$2a$10$t7Yelc6KO8lOcOQUd1eYDOl/T6LxVPWwee4DlMTSdNOrSo.JZ9cNq,Ephraim,Lenaghen,CLIENT
alettleyr1,$2a$10$t7Yelc6KO8lOcOQUd1eYDOl/T6LxVPWwee4DlMTSdNOrSo.JZ9cNq,Alis,Lettley,CLIENT
cgoddmanr2,$2a$10$t7Yelc6KO8lOcOQUd1eYDOl/T6LxVPWwee4DlMTSdNOrSo.JZ9cNq,Cosetta,Goddman,CLIENT
ccasterour3,$2a$10$t7Yelc6KO8lOcOQUd1eYDOl/T6LxVPWwee4DlMTSdNOrSo.JZ9cNq,Corabella,Casterou,CLIENT
efairbankr4,$2a$10$t7Yelc6KO8lOcOQUd1eYDOl/T6LxVPWwee4DlMTSdNOrSo.JZ9cNq,Edwin,Fairbank,CLIENT
wfliggr5,$2a$10$t7Yelc6KO8lOcOQUd1eYDOl/T6LxVPWwee4DlMTSdNOrSo.JZ9cNq,Woodie,Fligg,CLIENT
cmallordr6,$2a$10$t7Yelc6KO8lOcOQUd1eYDOl/T6LxVPWwee4DlMTSdNOrSo.JZ9cNq,Claire,Mallord,CLIENT
dcunder7,$2a$10$t7Yelc6KO8lOcOQUd1eYDOl/T6LxVPWwee4DlMTSdNOrSo.JZ9cNq,Druci,Cunde,CLIENT
eavramovitzr8,$2a$10$t7Yelc6KO8lOcOQUd1eYDOl/T6LxVPWwee4DlMTSdNOrSo.JZ9cNq,Elsy,Avramovitz,CLIENT
tdesremediosr9,$2a$10$t7Yelc6KO8lOcOQUd1eYDOl/T6LxVPWwee4DlMTSdNOrSo.JZ9cNq,Teddie,des Remedios,CLIENT
hbletsora,$2a$10$t7Yelc6KO8lOcOQUd1eYDOl/T6LxVPWwee4DlMTSdNOrSo.JZ9cNq,Hamlin,Bletso,CLIENT
kdreyerb,$2a$10$t7Yelc6KO8lOcOQUd1eYDOl/T6LxVPWwee4DlMTSdNOrSo.JZ9cNq,Krishna,Dreye,CLIENT
sebournerc,$2a$10$t7Yelc6KO8lOcOQUd1eYDOl/T6LxVPWwee4DlMTSdNOrSo.JZ9cNq,Shaun,Ebourne,CLIENT
ttrittonrd,$2a$10$t7Yelc6KO8lOcOQUd1eYDOl/T6LxVPWwee4DlMTSdNOrSo.JZ9cNq,Thorny,Tritton,CLIENT
ffilesre,$2a$10$t7Yelc6KO8lOcOQUd1eYDOl/T6LxVPWwee4DlMTSdNOrSo.JZ9cNq,Fairfax,Files,CLIENT
cslatcherrf,$2a$10$t7Yelc6KO8lOcOQUd1eYDOl/T6LxVPWwee4DlMTSdNOrSo.JZ9cNq,Corbie,Slatcher,CLIENT
mwalterrg,$2a$10$t7Yelc6KO8lOcOQUd1eYDOl/T6LxVPWwee4DlMTSdNOrSo.JZ9cNq,Millicent,Walter,CLIENT
gpaynrh,$2a$10$t7Yelc6KO8lOcOQUd1eYDOl/T6LxVPWwee4DlMTSdNOrSo.JZ9cNq,Gerda,Payn,CLIENT
rellesmereri,$2a$10$t7Yelc6KO8lOcOQUd1eYDOl/T6LxVPWwee4DlMTSdNOrSo.JZ9cNq,Reinaldo,Ellesmere,CLIENT
mbendallrj,$2a$10$t7Yelc6KO8lOcOQUd1eYDOl/T6LxVPWwee4DlMTSdNOrSo.JZ9cNq,Martyn,Bendall,CLIENT
dmetzigrk,$2a$10$t7Yelc6KO8lOcOQUd1eYDOl/T6LxVPWwee4DlMTSdNOrSo.JZ9cNq,Deidre,Metzig,CLIENT
ceddicottrl,$2a$10$t7Yelc6KO8lOcOQUd1eYDOl/T6LxVPWwee4DlMTSdNOrSo.JZ9cNq,Cort,Eddicott,CLIENT
yealamrm,$2a$10$t7Yelc6KO8lOcOQUd1eYDOl/T6LxVPWwee4DlMTSdNOrSo.JZ9cNq,Yuma,Ealam,CLIENT
jelsonrn,$2a$10$t7Yelc6KO8lOcOQUd1eYDOl/T6LxVPWwee4DlMTSdNOrSo.JZ9cNq,Joana,Elson,CLIENT
lcarwithimro,$2a$10$t7Yelc6KO8lOcOQUd1eYDOl/T6LxVPWwee4DlMTSdNOrSo.JZ9cNq,Lily,Carwithim,CLIENT
akindleyrp,$2a$10$t7Yelc6KO8lOcOQUd1eYDOl/T6LxVPWwee4DlMTSdNOrSo.JZ9cNq,Adelind,Kindley,CLIENT
mconnockrq,$2a$10$t7Yelc6KO8lOcOQUd1eYDOl/T6LxVPWwee4DlMTSdNOrSo.JZ9cNq,Munmro,Connock,CLIENT
cbigadikerr,$2a$10$t7Yelc6KO8lOcOQUd1eYDOl/T6LxVPWwee4DlMTSdNOrSo.JZ9cNq,Cherri,Bigadike,CLIENT
